CODE,都道府県名,二次医療圏,支援要否,医療派遣ステータス,名称,チーム数,更新日時,医師出勤状況,緊急時入力/入院病棟倒壊・倒壊の恐れ,緊急時入力/ライフライン・サプライ状況/電気使用不可,緊急時入力/ライフライン・サプライ状況/水使用不可,緊急時入力/ライフライン・サプライ状況/医療ガス使用不可,緊急時入力/ライフライン・サプライ状況/医薬品衛生資器材使用不可,緊急時入力/多数患者受診,緊急時入力/職員状況,緊急時入力/その他,緊急時入力/情報取得日時,緊急時入力/緊急連絡先/電話番号,緊急時入力/緊急連絡先/メールアドレス,緊急時入力/更新日時,詳細入力/施設の倒壊・倒壊の恐れ/入院病棟,詳細入力/施設の倒壊・倒壊の恐れ/救急外来,詳細入力/施設の倒壊・倒壊の恐れ/一般外来,詳細入力/施設の倒壊・倒壊の恐れ/手術室,詳細入力/施設の倒壊・倒壊の恐れ/その他,詳細入力/ライフライン・サプライ状況/電気使用不可,詳細入力/ライフライン・サプライ状況/水使用不可,詳細入力/ライフライン・サプライ状況/医療ガス使用不可,詳細入力/ライフライン・サプライ状況/配管損傷有無,詳細入力/ライフライン・サプライ状況/食糧供給なし,詳細入力/ライフライン・サプライ状況/医薬品供給なし,詳細入力/ライフライン・サプライ状況/詳細有無,詳細入力/機能/手術不可,詳細入力/機能/人工透析不可,詳細入力/現在の患者数状況/実働病床数,詳細入力/現在の患者数状況/受入患者数/重症,詳細入力/現在の患者数状況/受入患者数/中等症,詳細入力/現在の患者数状況/在院患者数/重症,詳細入力/現在の患者数状況/在院患者数/中等症,詳細入力/今後、転送が必要な患者数/重症,詳細入力/今後、転送が必要な患者数/中等症,詳細入力/今後、転送が必要な患者数/人工呼吸,詳細入力/今後、転送が必要な患者数/酸素,詳細入力/今後、転送が必要な患者数/担送,詳細入力/今後、転送が必要な患者数/護送,詳細入力/今後、受け入れ可能な患者数/災害時診療能力,詳細入力/今後、受け入れ可能な患者数/重症,詳細入力/今後、受け入れ可能な患者数/中等症,詳細入力/今後、受け入れ可能な患者数/人工呼吸,詳細入力/今後、受け入れ可能な患者数/酸素,詳細入力/今後、受け入れ可能な患者数/担送,詳細入力/今後、受け入れ可能な患者数/護送,詳細入力/外来受付状況/外来受付状況,詳細入力/外来受付状況/受付時間帯1/開始,詳細入力/外来受付状況/受付時間帯1/終了,詳細入力/外来受付状況/受付時間帯2/開始,詳細入力/外来受付状況/受付時間帯2/終了,詳細入力/外来受付状況/受付時間帯3/開始,詳細入力/外来受付状況/受付時間帯3/終了,詳細入力/職員数/出勤医師数,詳細入力/職員数/出勤医師数 内DMAT,詳細入力/職員数/出勤看護師数,詳細入力/職員数/出勤看護師数 内DMAT,詳細入力/職員数/その他出勤人数,詳細入力/職員数/その他出勤人数 内DMAT,詳細入力/その他/その他,詳細入力/情報取得日時,詳細入力/更新日時,救護所有無,所属本部,END
70710000015,福島県,県北,未,未入力,あづま脳神経外科病院,0, ,0,,,,,,,,, ,,, ,,,,,,,,,,,,,,,0,0,0,0,0,0,0,0,0,0,0,0,0,0,0,0,0,0,, , , , , , ,0,0,0,0,0,0,, , ,0,,1
70710000026,福島県,県北,未,未入力,医療法人辰星会　枡病院,0, ,0,,,,,,,,, ,,, ,,,,,,,,,,,,,,,0,0,0,0,0,0,0,0,0,0,0,0,0,0,0,0,0,0,, , , , , , ,0,0,0,0,0,0,, , ,0,,1
70710000005,福島県,県北,未,未入力,大原綜合病院,0, ,0,,,,,,,,, ,,, ,,,,,,,,,,,,,,,0,0,0,0,0,0,0,0,0,0,0,0,0,0,0,0,0,0,, , , , , , ,0,0,0,0,0,0,, , ,0,,1
70710000020,福島県,県北,未,未入力,大原医療センター,0, ,0,,,,,,,,, ,,, ,,,,,,,,,,,,,,,0,0,0,0,0,0,0,0,0,0,0,0,0,0,0,0,0,0,, , , , , , ,0,0,0,0,0,0,, , ,0,,1
70710000032,福島県,県北,未,未入力,北福島医療センター,0, ,0,,,,,,,,, ,,, ,,,,,,,,,,,,,,,0,0,0,0,0,0,0,0,0,0,0,0,0,0,0,0,0,0,, , , , , , ,0,0,0,0,0,0,, , ,0,,1
70710000016,福島県,県北,未,未入力,県立医大病院,0, ,0,,,,,,,,, ,,, ,,,,,,,,,,,,,,,0,0,0,0,0,0,0,0,0,0,0,0,0,0,0,0,0,0,, , , , , , ,0,0,0,0,0,0,, , ,0,,1
70710000031,福島県,県北,未,未入力,済生会川俣病院,0, ,0,,,,,,,,, ,,, ,,,,,,,,,,,,,,,0,0,0,0,0,0,0,0,0,0,0,0,0,0,0,0,0,0,, , , , , , ,0,0,0,0,0,0,, , ,0,,1
70710000001,福島県,県北,未,未入力,桜ヶ丘病院,0, ,0,,,,,,,,, ,,, ,,,,,,,,,,,,,,,0,0,0,0,0,0,0,0,0,0,0,0,0,0,0,0,0,0,, , , , , , ,0,0,0,0,0,0,, , ,0,,1
70710000014,福島県,県北,未,未入力,佐藤医院,0, ,0,,,,,,,,, ,,, ,,,,,,,,,,,,,,,0,0,0,0,0,0,0,0,0,0,0,0,0,0,0,0,0,0,, , , , , , ,0,0,0,0,0,0,, , ,0,,1
70710000018,福島県,県北,未,未入力,しのぶ病院,0, ,0,,,,,,,,, ,,, ,,,,,,,,,,,,,,,0,0,0,0,0,0,0,0,0,0,0,0,0,0,0,0,0,0,, , , , , , ,0,0,0,0,0,0,, , ,0,,1
70710000033,福島県,県北,未,未入力,社会福祉法人恩賜財団済生会福島総合病院,0, ,0,,,,,,,,, ,,, ,,,,,,,,,,,,,,,0,0,0,0,0,0,0,0,0,0,0,0,0,0,0,0,0,0,, , , , , , ,0,0,0,0,0,0,, , ,0,,1
70710000027,福島県,県北,未,未入力,医療法人慈久会谷病院,0, ,0,,,,,,,,, ,,, ,,,,,,,,,,,,,,,0,0,0,0,0,0,0,0,0,0,0,0,0,0,0,0,0,0,, , , , , , ,0,0,0,0,0,0,, , ,0,,1
70710000024,福島県,県北,未,未入力,なかのクリニック,0, ,0,,,,,,,,, ,,, ,,,,,,,,,,,,,,,0,0,0,0,0,0,0,0,0,0,0,0,0,0,0,0,0,0,, , , , , , ,0,0,0,0,0,0,, , ,0,,1
70710000025,福島県,県北,未,未入力,二本松病院,0, ,0,,,,,,,,, ,,, ,,,,,,,,,,,,,,,0,0,0,0,0,0,0,0,0,0,0,0,0,0,0,0,0,0,, , , , , , ,0,0,0,0,0,0,, , ,0,,1
70710000017,福島県,県北,未,未入力,福島西部病院,0, ,0,,,,,,,,, ,,, ,,,,,,,,,,,,,,,0,0,0,0,0,0,0,0,0,0,0,0,0,0,0,0,0,0,, , , , , , ,0,0,0,0,0,0,, , ,0,,1
70720000025,福島県,県北,未,未入力,福島県赤十字血液センター,0, ,0,,,,,,,,, ,,, ,,,,,,,,,,,,,,,0,0,0,0,0,0,0,0,0,0,0,0,0,0,0,0,0,0,, , , , , , ,0,0,0,0,0,0,, , ,0,,1
70710000004,福島県,県北,-,-,福島赤十字病院,0,2016/5/27 15:57,0,0,0,0,0,0,0,0,,2016/5/27 15:55,,,2016/5/27 15:57,,設定しない,設定しない,設定しない,設定しない,設定しない,設定しない,設定しない,設定しない,設定しない,設定しない,設定しない,設定しない,設定しない,設定しない,設定しない,設定しない,設定しない,設定しない,設定しない,設定しない,設定しない,設定しない,設定しない,設定しない,設定しない,設定しない,設定しない,設定しない,設定しない,設定しない,設定しない,設定しない, , , , , , ,設定しない,設定しない,設定しない,設定しない,設定しない,設定しない,, , ,設定しない,,1
70710000007,福島県,県北,未,未入力,福島第一病院,0, ,0,,,,,,,,, ,,, ,,,,,,,,,,,,,,,0,0,0,0,0,0,0,0,0,0,0,0,0,0,0,0,0,0,, , , , , , ,0,0,0,0,0,0,, , ,0,,1
70710000019,福島県,県北,未,未入力,福島南循環器科病院,0, ,0,,,,,,,,, ,,, ,,,,,,,,,,,,,,,0,0,0,0,0,0,0,0,0,0,0,0,0,0,0,0,0,0,, , , , , , ,0,0,0,0,0,0,, , ,0,,1
70710000021,福島県,県北,未,未入力,藤田病院,0, ,0,,,,,,,,, ,,, ,,,,,,,,,,,,,,,0,0,0,0,0,0,0,0,0,0,0,0,0,0,0,0,0,0,, , , , , , ,0,0,0,0,0,0,, , ,0,,1
70710000029,福島県,県北,未,未入力,枡記念病院,0, ,0,,,,,,,,, ,,, ,,,,,,,,,,,,,,,0,0,0,0,0,0,0,0,0,0,0,0,0,0,0,0,0,0,, , , , , , ,0,0,0,0,0,0,, , ,0,,1
70710000030,福島県,県北,未,未入力,南東北福島病院,0, ,0,,,,,,,,, ,,, ,,,,,,,,,,,,,,,0,0,0,0,0,0,0,0,0,0,0,0,0,0,0,0,0,0,, , , , , , ,0,0,0,0,0,0,, , ,0,,1
70710000010,福島県,県北,未,未入力,わたり病院,0, ,0,,,,,,,,, ,,, ,,,,,,,,,,,,,,,0,0,0,0,0,0,0,0,0,0,0,0,0,0,0,0,0,0,, , , , , , ,0,0,0,0,0,0,, , ,0,,1
70710000038,福島県,県中,未,未入力,池田記念病院,0, ,0,,,,,,,,, ,,, ,,,,,,,,,,,,,,,0,0,0,0,0,0,0,0,0,0,0,0,0,0,0,0,0,0,, , , , , , ,0,0,0,0,0,0,, , ,0,,1
70710000115,福島県,県中,未,未入力,今泉西病院,0, ,0,,,,,,,,, ,,, ,,,,,,,,,,,,,,,0,0,0,0,0,0,0,0,0,0,0,0,0,0,0,0,0,0,, , , , , , ,0,0,0,0,0,0,, , ,0,,1
70710000044,福島県,県中,未,未入力,大方病院,0, ,0,,,,,,,,, ,,, ,,,,,,,,,,,,,,,0,0,0,0,0,0,0,0,0,0,0,0,0,0,0,0,0,0,, , , , , , ,0,0,0,0,0,0,, , ,0,,1
70710000099,福島県,県中,未,未入力,太田熱海病院,0, ,0,,,,,,,,, ,,, ,,,,,,,,,,,,,,,0,0,0,0,0,0,0,0,0,0,0,0,0,0,0,0,0,0,, , , , , , ,0,0,0,0,0,0,, , ,0,,1
70710000108,福島県,県中,未,未入力,太田西ノ内病院,0, ,0,,,,,,,,, ,,, ,,,,,,,,,,,,,,,0,0,0,0,0,0,0,0,0,0,0,0,0,0,0,0,0,0,, , , , , , ,0,0,0,0,0,0,, , ,0,,1
70710000113,福島県,県中,未,未入力,桑野協立病院,0, ,0,,,,,,,,, ,,, ,,,,,,,,,,,,,,,0,0,0,0,0,0,0,0,0,0,0,0,0,0,0,0,0,0,, , , , , , ,0,0,0,0,0,0,, , ,0,,1
70710000034,福島県,県中,未,未入力,公立岩瀬病院,0, ,0,,,,,,,,, ,,, ,,,,,,,,,,,,,,,0,0,0,0,0,0,0,0,0,0,0,0,0,0,0,0,0,0,, , , , , , ,0,0,0,0,0,0,, , ,0,,1
70710000043,福島県,県中,未,未入力,公立小野町病院,0, ,0,,,,,,,,, ,,, ,,,,,,,,,,,,,,,0,0,0,0,0,0,0,0,0,0,0,0,0,0,0,0,0,0,, , , , , , ,0,0,0,0,0,0,, , ,0,,1
70710000035,福島県,県中,未,未入力,国立病院機構福島病院,0, ,0,,,,,,,,, ,,, ,,,,,,,,,,,,,,,0,0,0,0,0,0,0,0,0,0,0,0,0,0,0,0,0,0,, , , , , , ,0,0,0,0,0,0,, , ,0,,1
70710000110,福島県,県中,未,未入力,佐藤胃腸病院,0, ,0,,,,,,,,, ,,, ,,,,,,,,,,,,,,,0,0,0,0,0,0,0,0,0,0,0,0,0,0,0,0,0,0,, , , , , , ,0,0,0,0,0,0,, , ,0,,1
70720000507,福島県,県中,未,未入力,白岩医院,0, ,0,,,,,,,,, ,,, ,,,,,,,,,,,,,,,0,0,0,0,0,0,0,0,0,0,0,0,0,0,0,0,0,0,, , , , , , ,0,0,0,0,0,0,, , ,0,,1
70710000100,福島県,県中,未,未入力,寿泉堂綜合病院,0, ,0,,,,,,,,, ,,, ,,,,,,,,,,,,,,,0,0,0,0,0,0,0,0,0,0,0,0,0,0,0,0,0,0,, , , , , , ,0,0,0,0,0,0,, , ,0,,1
70710000040,福島県,県中,未,未入力,須賀川病院,0, ,0,,,,,,,,, ,,, ,,,,,,,,,,,,,,,0,0,0,0,0,0,0,0,0,0,0,0,0,0,0,0,0,0,, , , , , , ,0,0,0,0,0,0,, , ,0,,1
40000030008,福島県,県中,未,未入力,総合南東北病院,0, ,0,,,,,,,,, ,,, ,,,,,,,,,,,,,,,0,0,0,0,0,0,0,0,0,0,0,0,0,0,0,0,0,0,, , , , , , ,0,0,0,0,0,0,, , ,0,,1
70720000504,福島県,県中,未,未入力,田村市立都路診療所,0, ,0,,,,,,,,, ,,, ,,,,,,,,,,,,,,,0,0,0,0,0,0,0,0,0,0,0,0,0,0,0,0,0,0,, , , , , , ,0,0,0,0,0,0,, , ,0,,1
70710000042,福島県,県中,未,未入力,町立三春病院,0, ,0,,,,,,,,, ,,, ,,,,,,,,,,,,,,,0,0,0,0,0,0,0,0,0,0,0,0,0,0,0,0,0,0,, , , , , , ,0,0,0,0,0,0,, , ,0,,1
70710000104,福島県,県中,未,未入力,土屋病院,0, ,0,,,,,,,,, ,,, ,,,,,,,,,,,,,,,0,0,0,0,0,0,0,0,0,0,0,0,0,0,0,0,0,0,, , , , , , ,0,0,0,0,0,0,, , ,0,,1
70710000111,福島県,県中,未,未入力,坪井病院,0, ,0,,,,,,,,, ,,, ,,,,,,,,,,,,,,,0,0,0,0,0,0,0,0,0,0,0,0,0,0,0,0,0,0,, , , , , , ,0,0,0,0,0,0,, , ,0,,1
70710000041,福島県,県中,未,未入力,ひらた中央病院,0, ,0,,,,,,,,, ,,, ,,,,,,,,,,,,,,,0,0,0,0,0,0,0,0,0,0,0,0,0,0,0,0,0,0,, , , , , , ,0,0,0,0,0,0,, , ,0,,1
70710000102,福島県,県中,未,未入力,星総合病院,0, ,0,,,,,,,,, ,,, ,,,,,,,,,,,,,,,0,0,0,0,0,0,0,0,0,0,0,0,0,0,0,0,0,0,, , , , , , ,0,0,0,0,0,0,, , ,0,,1
70710000053,福島県,県南,未,未入力,（公財）会田病院,0, ,0,,,,,,,,, ,,, ,,,,,,,,,,,,,,,0,0,0,0,0,0,0,0,0,0,0,0,0,0,0,0,0,0,, , , , , , ,0,0,0,0,0,0,, , ,0,,1
70710000048,福島県,県南,未,未入力,白河病院,0, ,0,,,,,,,,, ,,, ,,,,,,,,,,,,,,,0,0,0,0,0,0,0,0,0,0,0,0,0,0,0,0,0,0,, , , , , , ,0,0,0,0,0,0,, , ,0,,1
70710000045,福島県,県南,未,未入力,ＪＡ福島厚生連　白河厚生総合病院,0, ,0,,,,,,,,, ,,, ,,,,,,,,,,,,,,,0,0,0,0,0,0,0,0,0,0,0,0,0,0,0,0,0,0,, , , , , , ,0,0,0,0,0,0,, , ,0,,1
70710000056,福島県,県南,未,未入力,ＪＡ福島厚生連　塙厚生病院,0, ,0,,,,,,,,, ,,, ,,,,,,,,,,,,,,,0,0,0,0,0,0,0,0,0,0,0,0,0,0,0,0,0,0,, , , , , , ,0,0,0,0,0,0,, , ,0,,1
70710000046,福島県,県南,未,未入力,田口病院,0, ,0,,,,,,,,, ,,, ,,,,,,,,,,,,,,,0,0,0,0,0,0,0,0,0,0,0,0,0,0,0,0,0,0,, , , , , , ,0,0,0,0,0,0,, , ,0,,1
60106510128,福島県,県南,未,未入力,矢吹病院,0, ,0,,,,,,,,, ,,, ,,,,,,,,,,,,,,,0,0,0,0,0,0,0,0,0,0,0,0,0,0,0,0,0,0,, , , , , , ,0,0,0,0,0,0,, , ,0,,1
70720000656,福島県,会津,未,未入力,会津血液センター,0, ,0,,,,,,,,, ,,, ,,,,,,,,,,,,,,,0,0,0,0,0,0,0,0,0,0,0,0,0,0,0,0,0,0,, , , , , , ,0,0,0,0,0,0,, , ,0,,1
70710000062,福島県,会津,-,-,会津中央病院,0,2016/5/26 15:29,0,0,0,0,0,0,0,0,,2016/5/26 15:26,242251515,tosa@onchikai.jp,2016/5/26 15:27,0,0,0,0,,3,4,3,0,3,3,,0,0,831,0,0,0,0,0,0,0,0,0,0,0,0,0,0,0,0,0,,--：--,--：--,--：--,--：--,--：--,--：--,0,0,0,0,0,0,,2016/5/26 15:29,2016/5/26 15:29,0,,1
70710000072,福島県,会津,未,未入力,会津西病院,0, ,0,,,,,,,,, ,,, ,,,,,,,,,,,,,,,0,0,0,0,0,0,0,0,0,0,0,0,0,0,0,0,0,0,, , , , , , ,0,0,0,0,0,0,, , ,0,,1
70710000060,福島県,会津,未,未入力,穴澤病院,0, ,0,,,,,,,,, ,,, ,,,,,,,,,,,,,,,0,0,0,0,0,0,0,0,0,0,0,0,0,0,0,0,0,0,, , , , , , ,0,0,0,0,0,0,, , ,0,,1
70710000069,福島県,会津,未,未入力,医療法人佐原病院,0, ,0,,,,,,,,, ,,, ,,,,,,,,,,,,,,,0,0,0,0,0,0,0,0,0,0,0,0,0,0,0,0,0,0,, , , , , , ,0,0,0,0,0,0,, , ,0,,1
70710000071,福島県,会津,未,未入力,小野病院,0, ,0,,,,,,,,, ,,, ,,,,,,,,,,,,,,,0,0,0,0,0,0,0,0,0,0,0,0,0,0,0,0,0,0,, , , , , , ,0,0,0,0,0,0,, , ,0,,1
70710000074,福島県,会津,未,未入力,ＪＡ福島厚生連　坂下厚生総合病院,0, ,0,,,,,,,,, ,,, ,,,,,,,,,,,,,,,0,0,0,0,0,0,0,0,0,0,0,0,0,0,0,0,0,0,, , , , , , ,0,0,0,0,0,0,, , ,0,,1
70710000075,福島県,会津,未,未入力,ＪＡ福島厚生連　高田厚生病院,0, ,0,,,,,,,,, ,,, ,,,,,,,,,,,,,,,0,0,0,0,0,0,0,0,0,0,0,0,0,0,0,0,0,0,, , , , , , ,0,0,0,0,0,0,, , ,0,,1
70710000058,福島県,会津,未,未入力,竹田綜合病院,0, ,0,,,,,,,,, ,,, ,,,,,,,,,,,,,,,0,0,0,0,0,0,0,0,0,0,0,0,0,0,0,0,0,0,, , , , , , ,0,0,0,0,0,0,, , ,0,,1
70710000073,福島県,会津,未,未入力,町立猪苗代病院,0, ,0,,,,,,,,, ,,, ,,,,,,,,,,,,,,,0,0,0,0,0,0,0,0,0,0,0,0,0,0,0,0,0,0,, , , , , , ,0,0,0,0,0,0,, , ,0,,1
70710000059,福島県,会津,未,未入力,福島県立医科大学会津医療センター,0, ,0,,,,,,,,, ,,, ,,,,,,,,,,,,,,,0,0,0,0,0,0,0,0,0,0,0,0,0,0,0,0,0,0,, , , , , , ,0,0,0,0,0,0,, , ,0,,1
70710000076,福島県,会津,未,未入力,宮下病院,0, ,0,,,,,,,,, ,,, ,,,,,,,,,,,,,,,0,0,0,0,0,0,0,0,0,0,0,0,0,0,0,0,0,0,, , , , , , ,0,0,0,0,0,0,, , ,0,,1
70710000070,福島県,会津,未,未入力,有隣病院,0, ,0,,,,,,,,, ,,, ,,,,,,,,,,,,,,,0,0,0,0,0,0,0,0,0,0,0,0,0,0,0,0,0,0,, , , , , , ,0,0,0,0,0,0,, , ,0,,1
70710000077,福島県,南会津,未,未入力,福島県立南会津病院,0, ,0,,,,,,,,, ,,, ,,,,,,,,,,,,,,,0,0,0,0,0,0,0,0,0,0,0,0,0,0,0,0,0,0,, , , , , , ,0,0,0,0,0,0,, , ,0,,1
70710000091,福島県,相双,未,未入力,医療法人社団邦諭会今村病院,0, ,0,,,,,,,,, ,,, ,,,,,,,,,,,,,,,0,0,0,0,0,0,0,0,0,0,0,0,0,0,0,0,0,0,, , , , , , ,0,0,0,0,0,0,, , ,0,,1
70710000079,福島県,相双,未,未入力,医療法人相雲会小野田病院,0, ,0,,,,,,,,, ,,, ,,,,,,,,,,,,,,,0,0,0,0,0,0,0,0,0,0,0,0,0,0,0,0,0,0,, , , , , , ,0,0,0,0,0,0,, , ,0,,1
70710000090,福島県,相双,未,未入力,医療法人西会西病院,0, ,0,,,,,,,,, ,,, ,,,,,,,,,,,,,,,0,0,0,0,0,0,0,0,0,0,0,0,0,0,0,0,0,0,, , , , , , ,0,0,0,0,0,0,, , ,0,,1
70710000092,福島県,相双,未,未入力,福島県立大野病院,0, ,0,,,,,,,,, ,,, ,,,,,,,,,,,,,,,0,0,0,0,0,0,0,0,0,0,0,0,0,0,0,0,0,0,, , , , , , ,0,0,0,0,0,0,, , ,0,,1
70710000093,福島県,相双,未,未入力,大町病院,0, ,0,,,,,,,,, ,,, ,,,,,,,,,,,,,,,0,0,0,0,0,0,0,0,0,0,0,0,0,0,0,0,0,0,, , , , , , ,0,0,0,0,0,0,, , ,0,,1
70710000081,福島県,相双,未,支援中,鹿島厚生病院,1, ,0,,,,,,,,, ,,, ,,,,,,,,,,,,,,,0,0,0,0,0,0,0,0,0,0,0,0,0,0,0,0,0,0,, , , , , , ,0,0,0,0,0,0,, , ,0,,1
70710000080,福島県,相双,未,未入力,公立相馬総合病院,0, ,0,,,,,,,,, ,,, ,,,,,,,,,,,,,,,0,0,0,0,0,0,0,0,0,0,0,0,0,0,0,0,0,0,, , , , , , ,0,0,0,0,0,0,, , ,0,,1
70710000084,福島県,相双,未,未入力,相馬中央病院,0, ,0,,,,,,,,, ,,, ,,,,,,,,,,,,,,,0,0,0,0,0,0,0,0,0,0,0,0,0,0,0,0,0,0,, , , , , , ,0,0,0,0,0,0,, , ,0,,1
70710000089,福島県,相双,未,未入力,双葉厚生病院,0, ,0,,,,,,,,, ,,, ,,,,,,,,,,,,,,,0,0,0,0,0,0,0,0,0,0,0,0,0,0,0,0,0,0,, , , , , , ,0,0,0,0,0,0,, , ,0,,1
70710000086,福島県,相双,未,未入力,南相馬市立総合病院,0, ,0,,,,,,,,, ,,, ,,,,,,,,,,,,,,,0,0,0,0,0,0,0,0,0,0,0,0,0,0,0,0,0,0,, , , , , , ,0,0,0,0,0,0,, , ,0,,1
20210000015,福島県,相双,未,未入力,渡辺病院,0, ,0,,,,,,,,, ,,, ,,,,,,,,,,,,,,,0,0,0,0,0,0,0,0,0,0,0,0,0,0,0,0,0,0,, , , , , , ,0,0,0,0,0,0,, , ,0,,1
70710000119,福島県,いわき,未,未入力,（医）翔洋会磐城中央病院,0, ,0,,,,,,,,, ,,, ,,,,,,,,,,,,,,,0,0,0,0,0,0,0,0,0,0,0,0,0,0,0,0,0,0,, , , , , , ,0,0,0,0,0,0,, , ,0,,1
70710000139,福島県,いわき,未,未入力,（医）正風会　石井脳神経外科・眼科病院,0, ,0,,,,,,,,, ,,, ,,,,,,,,,,,,,,,0,0,0,0,0,0,0,0,0,0,0,0,0,0,0,0,0,0,, , , , , , ,0,0,0,0,0,0,, , ,0,,1
70710000142,福島県,いわき,未,未入力,（医）社団栄央会なこそ病院,0, ,0,,,,,,,,, ,,, ,,,,,,,,,,,,,,,0,0,0,0,0,0,0,0,0,0,0,0,0,0,0,0,0,0,, , , , , , ,0,0,0,0,0,0,, , ,0,,1
70710000130,福島県,いわき,未,未入力,（医）常磐会いわき湯本病院,0, ,0,,,,,,,,, ,,, ,,,,,,,,,,,,,,,0,0,0,0,0,0,0,0,0,0,0,0,0,0,0,0,0,0,, , , , , , ,0,0,0,0,0,0,, , ,0,,1
70710000129,福島県,いわき,未,未入力,大河内記念病院,0, ,0,,,,,,,,, ,,, ,,,,,,,,,,,,,,,0,0,0,0,0,0,0,0,0,0,0,0,0,0,0,0,0,0,, , , , , , ,0,0,0,0,0,0,, , ,0,,1
70710000118,福島県,いわき,未,未入力,小名浜生協病院,0, ,0,,,,,,,,, ,,, ,,,,,,,,,,,,,,,0,0,0,0,0,0,0,0,0,0,0,0,0,0,0,0,0,0,, , , , , , ,0,0,0,0,0,0,, , ,0,,1
70710000138,福島県,いわき,未,未入力,かしま病院,0, ,0,,,,,,,,, ,,, ,,,,,,,,,,,,,,,0,0,0,0,0,0,0,0,0,0,0,0,0,0,0,0,0,0,, , , , , , ,0,0,0,0,0,0,, , ,0,,1
70710000140,福島県,いわき,未,未入力,櫛田病院,0, ,0,,,,,,,,, ,,, ,,,,,,,,,,,,,,,0,0,0,0,0,0,0,0,0,0,0,0,0,0,0,0,0,0,, , , , , , ,0,0,0,0,0,0,, , ,0,,1
70710000141,福島県,いわき,未,未入力,社団（医）呉羽総合病院,0, ,0,,,,,,,,, ,,, ,,,,,,,,,,,,,,,0,0,0,0,0,0,0,0,0,0,0,0,0,0,0,0,0,0,, , , , , , ,0,0,0,0,0,0,, , ,0,,1
70710000143,福島県,いわき,未,未入力,こうじま慈愛病院,0, ,0,,,,,,,,, ,,, ,,,,,,,,,,,,,,,0,0,0,0,0,0,0,0,0,0,0,0,0,0,0,0,0,0,, , , , , , ,0,0,0,0,0,0,, , ,0,,1
70710000122,福島県,いわき,未,未入力,国立いわき病院,0, ,0,,,,,,,,, ,,, ,,,,,,,,,,,,,,,0,0,0,0,0,0,0,0,0,0,0,0,0,0,0,0,0,0,, , , , , , ,0,0,0,0,0,0,, , ,0,,1
70710000125,福島県,いわき,未,未入力,常磐病院,0, ,0,,,,,,,,, ,,, ,,,,,,,,,,,,,,,0,0,0,0,0,0,0,0,0,0,0,0,0,0,0,0,0,0,, , , , , , ,0,0,0,0,0,0,, , ,0,,1
70710000134,福島県,いわき,未,未入力,菅波医院,0, ,0,,,,,,,,, ,,, ,,,,,,,,,,,,,,,0,0,0,0,0,0,0,0,0,0,0,0,0,0,0,0,0,0,, , , , , , ,0,0,0,0,0,0,, , ,0,,1
70710000124,福島県,いわき,-,-,総合磐城共立病院,0,2016/6/1 8:06,0,設定しない,設定しない,設定しない,設定しない,設定しない,設定しない,設定しない,設定しない,2016/9/10 22:23,設定しない,設定しない,2016/6/1 8:06,,設定しない,設定しない,設定しない,設定しない,設定しない,設定しない,設定しない,設定しない,設定しない,設定しない,設定しない,設定しない,設定しない,設定しない,設定しない,設定しない,設定しない,設定しない,設定しない,設定しない,設定しない,設定しない,設定しない,設定しない,設定しない,設定しない,設定しない,設定しない,設定しない,設定しない,設定しない,設定しない,--：--,--：--,--：--,--：--,--：--,--：--,設定しない,設定しない,設定しない,設定しない,設定しない,設定しない,,2016/1/19 16:06,2016/6/1 8:06,設定しない,,1
70710000137,福島県,いわき,未,未入力,中村病院,0, ,0,,,,,,,,, ,,, ,,,,,,,,,,,,,,,0,0,0,0,0,0,0,0,0,0,0,0,0,0,0,0,0,0,, , , , , , ,0,0,0,0,0,0,, , ,0,,1
70720001369,福島県,いわき,未,未入力,福島県赤十字血液センタ−　いわき出張所,0, ,0,,,,,,,,, ,,, ,,,,,,,,,,,,,,,0,0,0,0,0,0,0,0,0,0,0,0,0,0,0,0,0,0,, , , , , , ,0,0,0,0,0,0,, , ,0,,1
70710000123,福島県,いわき,未,未入力,福島労災病院,0, ,0,,,,,,,,, ,,, ,,,,,,,,,,,,,,,0,0,0,0,0,0,0,0,0,0,0,0,0,0,0,0,0,0,, , , , , , ,0,0,0,0,0,0,, , ,0,,1
70710000133,福島県,いわき,未,未入力,松尾病院,0, ,0,,,,,,,,, ,,, ,,,,,,,,,,,,,,,0,0,0,0,0,0,0,0,0,0,0,0,0,0,0,0,0,0,, , , , , , ,0,0,0,0,0,0,, , ,0,,1
70710000126,福島県,いわき,未,未入力,松村総合病院,0, ,0,,,,,,,,, ,,, ,,,,,,,,,,,,,,,0,0,0,0,0,0,0,0,0,0,0,0,0,0,0,0,0,0,, , , , , , ,0,0,0,0,0,0,, , ,0,,1
2.4124E+11,三重県,北勢,未,支援中,青木記念病院,1, ,0,,,,,,,,, ,,, ,,,,,,,,,,,,,,,0,0,0,0,0,0,0,0,0,0,0,0,0,0,0,0,0,0,, , , , , , ,0,0,0,0,0,0,, , ,0,,1
2.4124E+11,三重県,北勢,未,未入力,石田胃腸科病院,0, ,0,,,,,,,,, ,,, ,,,,,,,,,,,,,,,0,0,0,0,0,0,0,0,0,0,0,0,0,0,0,0,0,0,, , , , , , ,0,0,0,0,0,0,, , ,0,,1
2.4124E+11,三重県,北勢,未,未入力,いなべ総合病院,0, ,0,,,,,,,,, ,,, ,,,,,,,,,,,,,,,0,0,0,0,0,0,0,0,0,0,0,0,0,0,0,0,0,0,, , , , , , ,0,0,0,0,0,0,, , ,0,,1
2.4124E+11,三重県,北勢,未,未入力,大仲さつき病院,0, ,0,,,,,,,,, ,,, ,,,,,,,,,,,,,,,0,0,0,0,0,0,0,0,0,0,0,0,0,0,0,0,0,0,, , , , , , ,0,0,0,0,0,0,, , ,0,,1
2.4124E+11,三重県,北勢,未,支援中,小山田記念温泉病院,1, ,0,,,,,,,,, ,,, ,,,,,,,,,,,,,,,0,0,0,0,0,0,0,0,0,0,0,0,0,0,0,0,0,0,, , , , , , ,0,0,0,0,0,0,, , ,0,,1
2.4124E+11,三重県,北勢,未,未入力,亀山回生病院,0, ,0,,,,,,,,, ,,, ,,,,,,,,,,,,,,,0,0,0,0,0,0,0,0,0,0,0,0,0,0,0,0,0,0,, , , , , , ,0,0,0,0,0,0,, , ,0,,1
2.4124E+11,三重県,北勢,未,支援中,亀山市立医療センター,0, ,0,,,,,,,,, ,,, ,,,,,,,,,,,,,,,0,0,0,0,0,0,0,0,0,0,0,0,0,0,0,0,0,0,, , , , , , ,0,0,0,0,0,0,, , ,0,,1
2.4124E+11,三重県,北勢,未,未入力,川口整形,0, ,0,,,,,,,,, ,,, ,,,,,,,,,,,,,,,0,0,0,0,0,0,0,0,0,0,0,0,0,0,0,0,0,0,, , , , , , ,0,0,0,0,0,0,, , ,0,,1
2.4124E+11,三重県,北勢,未,支援中,日下病院,1, ,0,,,,,,,,, ,,, ,,,,,,,,,,,,,,,0,0,0,0,0,0,0,0,0,0,0,0,0,0,0,0,0,0,, , , , , , ,0,0,0,0,0,0,, , ,0,,1
2.4124E+11,三重県,北勢,未,未入力,桑名西医療センター,0, ,0,,,,,,,,, ,,, ,,,,,,,,,,,,,,,0,0,0,0,0,0,0,0,0,0,0,0,0,0,0,0,0,0,, , , , , , ,0,0,0,0,0,0,, , ,0,,1
2.4124E+11,三重県,北勢,未,未入力,桑名東医療センター,0, ,0,,,,,,,,, ,,, ,,,,,,,,,,,,,,,0,0,0,0,0,0,0,0,0,0,0,0,0,0,0,0,0,0,, , , , , , ,0,0,0,0,0,0,, , ,0,,1
1.5115E+11,三重県,北勢,未,未入力,桑名病院,0, ,0,,,,,,,,, ,,, ,,,,,,,,,,,,,,,0,0,0,0,0,0,0,0,0,0,0,0,0,0,0,0,0,0,, , , , , , ,0,0,0,0,0,0,, , ,0,,1
2.4124E+11,三重県,北勢,未,未入力,桑名南医療センター,0, ,0,,,,,,,,, ,,, ,,,,,,,,,,,,,,,0,0,0,0,0,0,0,0,0,0,0,0,0,0,0,0,0,0,, , , , , , ,0,0,0,0,0,0,, , ,0,,1
2.4124E+11,三重県,北勢,未,未入力,菰野厚生病院,0, ,0,,,,,,,,, ,,, ,,,,,,,,,,,,,,,0,0,0,0,0,0,0,0,0,0,0,0,0,0,0,0,0,0,, , , , , , ,0,0,0,0,0,0,, , ,0,,1
2.4124E+11,三重県,北勢,-,支援中,主体会病院,1,2016/6/9 9:38,0,0,0,0,0,0,0,0,,2016/6/9 9:14,,,2016/6/9 9:38,,設定しない,設定しない,設定しない,設定しない,設定しない,設定しない,設定しない,設定しない,設定しない,設定しない,設定しない,設定しない,設定しない,設定しない,設定しない,設定しない,設定しない,設定しない,設定しない,設定しない,設定しない,設定しない,設定しない,設定しない,設定しない,設定しない,設定しない,設定しない,設定しない,設定しない,設定しない,設定しない, , , , , , ,設定しない,設定しない,設定しない,設定しない,設定しない,設定しない,, , ,設定しない,,1
2.4124E+11,三重県,北勢,要,要手配,市立四日市病院,0,2016/6/9 10:15,21,0,0,1,1,1,1,1,外来患者が殺到し、トリアージが困難,2016/6/9 10:12,,,2016/6/9 10:13,0,0,0,0,,,,,,2,,,,,568,60,0,0,0,20,0,0,0,0,0,2,2,0,0,0,0,0,,--：--,--：--,--：--,--：--,--：--,--：--,30,5,80,0,40,0,,2016/6/9 10:15,2016/6/9 10:15,0,,1
2.4224E+11,三重県,北勢,未,未入力,白子ウィメンズホスピタル,0, ,0,,,,,,,,, ,,, ,,,,,,,,,,,,,,,0,0,0,0,0,0,0,0,0,0,0,0,0,0,0,0,0,0,, , , , , , ,0,0,0,0,0,0,, , ,0,,1
2.4124E+11,三重県,北勢,未,未入力,水沢病院,0, ,0,,,,,,,,, ,,, ,,,,,,,,,,,,,,,0,0,0,0,0,0,0,0,0,0,0,0,0,0,0,0,0,0,, , , , , , ,0,0,0,0,0,0,, , ,0,,1
2.4124E+11,三重県,北勢,未,未入力,鈴鹿回生病院,0, ,0,,,,,,,,, ,,, ,,,,,,,,,,,,,,,0,0,0,0,0,0,0,0,0,0,0,0,0,0,0,0,0,0,, , , , , , ,0,0,0,0,0,0,, , ,0,,1
2.4124E+11,三重県,北勢,未,未入力,鈴鹿厚生病院,0, ,0,,,,,,,,, ,,, ,,,,,,,,,,,,,,,0,0,0,0,0,0,0,0,0,0,0,0,0,0,0,0,0,0,, , , , , , ,0,0,0,0,0,0,, , ,0,,1
2.4124E+11,三重県,北勢,未,支援中,鈴鹿さくら病院,1, ,0,,,,,,,,, ,,, ,,,,,,,,,,,,,,,0,0,0,0,0,0,0,0,0,0,0,0,0,0,0,0,0,0,, , , , , , ,0,0,0,0,0,0,, , ,0,,1
2.4124E+11,三重県,北勢,未,未入力,鈴鹿中央総合病院,0, ,0,,,,,,,,, ,,, ,,,,,,,,,,,,,,,0,0,0,0,0,0,0,0,0,0,0,0,0,0,0,0,0,0,, , , , , , ,0,0,0,0,0,0,, , ,0,,1
2.4124E+11,三重県,北勢,未,支援中,鈴鹿病院,1, ,0,,,,,,,,, ,,, ,,,,,,,,,,,,,,,0,0,0,0,0,0,0,0,0,0,0,0,0,0,0,0,0,0,, , , , , , ,0,0,0,0,0,0,, , ,0,,1
2.4124E+11,三重県,北勢,未,未入力,総合医療センター,0, ,0,,,,,,,,, ,,, ,,,,,,,,,,,,,,,0,0,0,0,0,0,0,0,0,0,0,0,0,0,0,0,0,0,, , , , , , ,0,0,0,0,0,0,, , ,0,,1
2.4124E+11,三重県,北勢,未,未入力,総合心療センターひなが,0, ,0,,,,,,,,, ,,, ,,,,,,,,,,,,,,,0,0,0,0,0,0,0,0,0,0,0,0,0,0,0,0,0,0,, , , , , , ,0,0,0,0,0,0,, , ,0,,1
1.0002E+11,三重県,北勢,未,支援中,高木病院,1, ,0,,,,,,,,, ,,, ,,,,,,,,,,,,,,,0,0,0,0,0,0,0,0,0,0,0,0,0,0,0,0,0,0,, , , , , , ,0,0,0,0,0,0,, , ,0,,1
2.4124E+11,三重県,北勢,未,支援中,多度あやめ病院,1, ,0,,,,,,,,, ,,, ,,,,,,,,,,,,,,,0,0,0,0,0,0,0,0,0,0,0,0,0,0,0,0,0,0,, , , , , , ,0,0,0,0,0,0,, , ,0,,1
1.00035E+11,三重県,北勢,未,未入力,田中病院,0, ,0,,,,,,,,, ,,, ,,,,,,,,,,,,,,,0,0,0,0,0,0,0,0,0,0,0,0,0,0,0,0,0,0,, , , , , , ,0,0,0,0,0,0,, , ,0,,1
2.4124E+11,三重県,北勢,未,支援中,大安病院,1, ,0,,,,,,,,, ,,, ,,,,,,,,,,,,,,,0,0,0,0,0,0,0,0,0,0,0,0,0,0,0,0,0,0,, , , , , , ,0,0,0,0,0,0,, , ,0,,1
2.4124E+11,三重県,北勢,未,支援中,東員病院,1, ,0,,,,,,,,, ,,, ,,,,,,,,,,,,,,,0,0,0,0,0,0,0,0,0,0,0,0,0,0,0,0,0,0,, , , , , , ,0,0,0,0,0,0,, , ,0,,1
2.4124E+11,三重県,北勢,未,支援中,富田浜病院,1, ,0,,,,,,,,, ,,, ,,,,,,,,,,,,,,,0,0,0,0,0,0,0,0,0,0,0,0,0,0,0,0,0,0,, , , , , , ,0,0,0,0,0,0,, , ,0,,1
2.4124E+11,三重県,北勢,未,未入力,長島中央病院,0, ,0,,,,,,,,, ,,, ,,,,,,,,,,,,,,,0,0,0,0,0,0,0,0,0,0,0,0,0,0,0,0,0,0,, , , , , , ,0,0,0,0,0,0,, , ,0,,1
1.11113E+11,三重県,北勢,未,未入力,二宮病院,0, ,0,,,,,,,,, ,,, ,,,,,,,,,,,,,,,0,0,0,0,0,0,0,0,0,0,0,0,0,0,0,0,0,0,, , , , , , ,0,0,0,0,0,0,, , ,0,,1
2.4124E+11,三重県,北勢,未,支援中,北勢病院,1, ,0,,,,,,,,, ,,, ,,,,,,,,,,,,,,,0,0,0,0,0,0,0,0,0,0,0,0,0,0,0,0,0,0,, , , , , , ,0,0,0,0,0,0,, , ,0,,1
2.4124E+11,三重県,北勢,未,支援中,三重聖十字病院,1, ,0,,,,,,,,, ,,, ,,,,,,,,,,,,,,,0,0,0,0,0,0,0,0,0,0,0,0,0,0,0,0,0,0,, , , , , , ,0,0,0,0,0,0,, , ,0,,1
2.4124E+11,三重県,北勢,未,未入力,みたき総合病院,0, ,0,,,,,,,,, ,,, ,,,,,,,,,,,,,,,0,0,0,0,0,0,0,0,0,0,0,0,0,0,0,0,0,0,, , , , , , ,0,0,0,0,0,0,, , ,0,,1
2.4124E+11,三重県,北勢,未,支援中,村瀬病院,1, ,0,,,,,,,,, ,,, ,,,,,,,,,,,,,,,0,0,0,0,0,0,0,0,0,0,0,0,0,0,0,0,0,0,, , , , , , ,0,0,0,0,0,0,, , ,0,,1
2.4124E+11,三重県,北勢,未,支援中,もりえい病院,1, ,0,,,,,,,,, ,,, ,,,,,,,,,,,,,,,0,0,0,0,0,0,0,0,0,0,0,0,0,0,0,0,0,0,, , , , , , ,0,0,0,0,0,0,, , ,0,,1
2.4124E+11,三重県,北勢,未,未入力,山崎病院,0, ,0,,,,,,,,, ,,, ,,,,,,,,,,,,,,,0,0,0,0,0,0,0,0,0,0,0,0,0,0,0,0,0,0,, , , , , , ,0,0,0,0,0,0,, , ,0,,1
2.4124E+11,三重県,北勢,未,支援中,山中胃腸科病院,1, ,0,,,,,,,,, ,,, ,,,,,,,,,,,,,,,0,0,0,0,0,0,0,0,0,0,0,0,0,0,0,0,0,0,, , , , , , ,0,0,0,0,0,0,, , ,0,,1
2.4124E+11,三重県,北勢,未,支援中,四日市消化器病センター,1, ,0,,,,,,,,, ,,, ,,,,,,,,,,,,,,,0,0,0,0,0,0,0,0,0,0,0,0,0,0,0,0,0,0,, , , , , , ,0,0,0,0,0,0,, , ,0,,1
2.4124E+11,三重県,北勢,未,支援中,四日市青洲病院,1, ,0,,,,,,,,, ,,, ,,,,,,,,,,,,,,,0,0,0,0,0,0,0,0,0,0,0,0,0,0,0,0,0,0,, , , , , , ,0,0,0,0,0,0,, , ,0,,1
2.4124E+11,三重県,北勢,未,未入力,四日市羽津医療センター,0, ,0,,,,,,,,, ,,, ,,,,,,,,,,,,,,,0,0,0,0,0,0,0,0,0,0,0,0,0,0,0,0,0,0,, , , , , , ,0,0,0,0,0,0,, , ,0,,1
2.4124E+11,三重県,北勢,未,未入力,ヨナハ産婦人科小児科病院,0, ,0,,,,,,,,, ,,, ,,,,,,,,,,,,,,,0,0,0,0,0,0,0,0,0,0,0,0,0,0,0,0,0,0,, , , , , , ,0,0,0,0,0,0,, , ,0,,1
2.4124E+11,三重県,北勢,未,支援中,ヨナハ総合病院,1, ,0,,,,,,,,, ,,, ,,,,,,,,,,,,,,,0,0,0,0,0,0,0,0,0,0,0,0,0,0,0,0,0,0,, , , , , , ,0,0,0,0,0,0,, , ,0,,1
2.4124E+11,三重県,中勢伊賀,未,未入力,伊賀市立上野総合市民病院,0, ,0,,,,,,,,, ,,, ,,,,,,,,,,,,,,,0,0,0,0,0,0,0,0,0,0,0,0,0,0,0,0,0,0,, , , , , , ,0,0,0,0,0,0,, , ,0,,1
2.4124E+11,三重県,中勢伊賀,未,未入力,一志病院,0, ,0,,,,,,,,, ,,, ,,,,,,,,,,,,,,,0,0,0,0,0,0,0,0,0,0,0,0,0,0,0,0,0,0,, , , , , , ,0,0,0,0,0,0,, , ,0,,1
81080000014,三重県,中勢伊賀,未,未入力,岩崎病院,0, ,0,,,,,,,,, ,,, ,,,,,,,,,,,,,,,0,0,0,0,0,0,0,0,0,0,0,0,0,0,0,0,0,0,, , , , , , ,0,0,0,0,0,0,, , ,0,,1
2.4124E+11,三重県,中勢伊賀,未,未入力,岡波総合病院,0, ,0,,,,,,,,, ,,, ,,,,,,,,,,,,,,,0,0,0,0,0,0,0,0,0,0,0,0,0,0,0,0,0,0,, , , , , , ,0,0,0,0,0,0,, , ,0,,1
2.4124E+11,三重県,中勢伊賀,未,未入力,榊原温泉病院,0, ,0,,,,,,,,, ,,, ,,,,,,,,,,,,,,,0,0,0,0,0,0,0,0,0,0,0,0,0,0,0,0,0,0,, , , , , , ,0,0,0,0,0,0,, , ,0,,1
2.4124E+11,三重県,中勢伊賀,未,未入力,榊原白鳳病院,0, ,0,,,,,,,,, ,,, ,,,,,,,,,,,,,,,0,0,0,0,0,0,0,0,0,0,0,0,0,0,0,0,0,0,, , , , , , ,0,0,0,0,0,0,, , ,0,,1
2.4124E+11,三重県,中勢伊賀,未,未入力,榊原病院,0, ,0,,,,,,,,, ,,, ,,,,,,,,,,,,,,,0,0,0,0,0,0,0,0,0,0,0,0,0,0,0,0,0,0,, , , , , , ,0,0,0,0,0,0,, , ,0,,1
2.4124E+11,三重県,中勢伊賀,未,未入力,武内病院,0, ,0,,,,,,,,, ,,, ,,,,,,,,,,,,,,,0,0,0,0,0,0,0,0,0,0,0,0,0,0,0,0,0,0,, , , , , , ,0,0,0,0,0,0,, , ,0,,1
2.4124E+11,三重県,中勢伊賀,未,未入力,大門病院,0, ,0,,,,,,,,, ,,, ,,,,,,,,,,,,,,,0,0,0,0,0,0,0,0,0,0,0,0,0,0,0,0,0,0,, , , , , , ,0,0,0,0,0,0,, , ,0,,1
2.4124E+11,三重県,中勢伊賀,未,未入力,津生協病院,0, ,0,,,,,,,,, ,,, ,,,,,,,,,,,,,,,0,0,0,0,0,0,0,0,0,0,0,0,0,0,0,0,0,0,, , , , , , ,0,0,0,0,0,0,, , ,0,,1
30003100070,三重県,中勢伊賀,未,未入力,遠山病院,0, ,0,,,,,,,,, ,,, ,,,,,,,,,,,,,,,0,0,0,0,0,0,0,0,0,0,0,0,0,0,0,0,0,0,, , , , , , ,0,0,0,0,0,0,, , ,0,,1
1.4114E+11,三重県,中勢伊賀,未,未入力,永井病院,0, ,0,,,,,,,,, ,,, ,,,,,,,,,,,,,,,0,0,0,0,0,0,0,0,0,0,0,0,0,0,0,0,0,0,, , , , , , ,0,0,0,0,0,0,, , ,0,,1
2.4124E+11,三重県,中勢伊賀,未,未入力,名張市立病院,0, ,0,,,,,,,,, ,,, ,,,,,,,,,,,,,,,0,0,0,0,0,0,0,0,0,0,0,0,0,0,0,0,0,0,, , , , , , ,0,0,0,0,0,0,, , ,0,,1
2.4224E+11,三重県,中勢伊賀,未,未入力,はくさんクリニック,0, ,0,,,,,,,,, ,,, ,,,,,,,,,,,,,,,0,0,0,0,0,0,0,0,0,0,0,0,0,0,0,0,0,0,, , , , , , ,0,0,0,0,0,0,, , ,0,,1
2.4124E+11,三重県,中勢伊賀,未,未入力,久居病院,0, ,0,,,,,,,,, ,,, ,,,,,,,,,,,,,,,0,0,0,0,0,0,0,0,0,0,0,0,0,0,0,0,0,0,, , , , , , ,0,0,0,0,0,0,, , ,0,,1
2.4124E+11,三重県,中勢伊賀,-,-,藤田保健衛生大学七栗記念病院,0,2016/6/9 10:32,53,0,0,0,0,0,0,0,,2016/6/9 10:23,059-252-1555,hp-hp4@hp.fujita-hu.ac.jp,2016/6/9 10:26,0,0,0,0,,3,4,3,,3,3,,1,1,218,0,0,0,0,0,0,0,0,0,0,0,0,0,0,0,0,0,1,--：--,--：--,--：--,--：--,--：--,--：--,10,0,50,0,50,0,,2016/6/9 10:27,2016/6/9 10:32,0,,1
2.4124E+11,三重県,中勢伊賀,未,未入力,三重県立こころの医療センター,0, ,0,,,,,,,,, ,,, ,,,,,,,,,,,,,,,0,0,0,0,0,0,0,0,0,0,0,0,0,0,0,0,0,0,, , , , , , ,0,0,0,0,0,0,, , ,0,,1
2.4124E+11,三重県,中勢伊賀,未,未入力,三重大学病院,0, ,0,,,,,,,,, ,,, ,,,,,,,,,,,,,,,0,0,0,0,0,0,0,0,0,0,0,0,0,0,0,0,0,0,, , , , , , ,0,0,0,0,0,0,, , ,0,,1
2.4124E+11,三重県,中勢伊賀,未,未入力,三重中央医療センター,0, ,0,,,,,,,,, ,,, ,,,,,,,,,,,,,,,0,0,0,0,0,0,0,0,0,0,0,0,0,0,0,0,0,0,, , , , , , ,0,0,0,0,0,0,, , ,0,,1
2.4124E+11,三重県,中勢伊賀,未,未入力,三重病院,0, ,0,,,,,,,,, ,,, ,,,,,,,,,,,,,,,0,0,0,0,0,0,0,0,0,0,0,0,0,0,0,0,0,0,, , , , , , ,0,0,0,0,0,0,, , ,0,,1
2.4124E+11,三重県,中勢伊賀,未,未入力,吉田クリニック,0, ,0,,,,,,,,, ,,, ,,,,,,,,,,,,,,,0,0,0,0,0,0,0,0,0,0,0,0,0,0,0,0,0,0,, , , , , , ,0,0,0,0,0,0,, , ,0,,1
2.4124E+11,三重県,南勢志摩,未,未入力,伊勢慶友病院,0, ,0,,,,,,,,, ,,, ,,,,,,,,,,,,,,,0,0,0,0,0,0,0,0,0,0,0,0,0,0,0,0,0,0,, , , , , , ,0,0,0,0,0,0,, , ,0,,1
2.4124E+11,三重県,南勢志摩,未,未入力,伊勢赤十字病院,0, ,0,,,,,,,,, ,,, ,,,,,,,,,,,,,,,0,0,0,0,0,0,0,0,0,0,0,0,0,0,0,0,0,0,, , , , , , ,0,0,0,0,0,0,, , ,0,,1
2.4124E+11,三重県,南勢志摩,未,未入力,大台厚生病院,0, ,0,,,,,,,,, ,,, ,,,,,,,,,,,,,,,0,0,0,0,0,0,0,0,0,0,0,0,0,0,0,0,0,0,, , , , , , ,0,0,0,0,0,0,, , ,0,,1
2.4224E+11,三重県,南勢志摩,未,未入力,大台町報徳診療所,0, ,0,,,,,,,,, ,,, ,,,,,,,,,,,,,,,0,0,0,0,0,0,0,0,0,0,0,0,0,0,0,0,0,0,, , , , , , ,0,0,0,0,0,0,, , ,0,,1
2.4124E+11,三重県,南勢志摩,未,未入力,国民健康保険志摩市民病院,0, ,0,,,,,,,,, ,,, ,,,,,,,,,,,,,,,0,0,0,0,0,0,0,0,0,0,0,0,0,0,0,0,0,0,, , , , , , ,0,0,0,0,0,0,, , ,0,,1
2.4124E+11,三重県,南勢志摩,未,未入力,済生会松阪総合病院,0, ,0,,,,,,,,, ,,, ,,,,,,,,,,,,,,,0,0,0,0,0,0,0,0,0,0,0,0,0,0,0,0,0,0,, , , , , , ,0,0,0,0,0,0,, , ,0,,1
2.4124E+11,三重県,南勢志摩,未,未入力,済生会明和病院,0, ,0,,,,,,,,, ,,, ,,,,,,,,,,,,,,,0,0,0,0,0,0,0,0,0,0,0,0,0,0,0,0,0,0,, , , , , , ,0,0,0,0,0,0,, , ,0,,1
2.4124E+11,三重県,南勢志摩,未,未入力,桜木病院,0, ,0,,,,,,,,, ,,, ,,,,,,,,,,,,,,,0,0,0,0,0,0,0,0,0,0,0,0,0,0,0,0,0,0,, , , , , , ,0,0,0,0,0,0,, , ,0,,1
2.4124E+11,三重県,南勢志摩,未,未入力,市立伊勢総合病院,0, ,0,,,,,,,,, ,,, ,,,,,,,,,,,,,,,0,0,0,0,0,0,0,0,0,0,0,0,0,0,0,0,0,0,, , , , , , ,0,0,0,0,0,0,, , ,0,,1
1.00035E+11,三重県,南勢志摩,未,未入力,田中病院,0, ,0,,,,,,,,, ,,, ,,,,,,,,,,,,,,,0,0,0,0,0,0,0,0,0,0,0,0,0,0,0,0,0,0,, , , , , , ,0,0,0,0,0,0,, , ,0,,1
2.4124E+11,三重県,南勢志摩,未,未入力,玉城病院,0, ,0,,,,,,,,, ,,, ,,,,,,,,,,,,,,,0,0,0,0,0,0,0,0,0,0,0,0,0,0,0,0,0,0,, , , , , , ,0,0,0,0,0,0,, , ,0,,1
2.4124E+11,三重県,南勢志摩,未,未入力,町立南伊勢病院,0, ,0,,,,,,,,, ,,, ,,,,,,,,,,,,,,,0,0,0,0,0,0,0,0,0,0,0,0,0,0,0,0,0,0,, , , , , , ,0,0,0,0,0,0,, , ,0,,1
2.4124E+11,三重県,南勢志摩,未,未入力,南勢病院,0, ,0,,,,,,,,, ,,, ,,,,,,,,,,,,,,,0,0,0,0,0,0,0,0,0,0,0,0,0,0,0,0,0,0,, , , , , , ,0,0,0,0,0,0,, , ,0,,1
2.4224E+11,三重県,南勢志摩,-,-,南島メディカルセンター,0,2016/6/9 11:51,0,0,0,0,0,0,0,0,,2016/6/9 11:48,,,2016/6/9 11:49,0,0,0,0,,3,4,3,,3,3,,1,1,15,0,0,0,0,0,0,0,0,0,0,0,0,0,0,0,0,0,1,--：--,--：--,--：--,--：--,--：--,--：--,0,0,0,0,0,0,,2016/6/9 11:49,2016/6/9 11:51,0,,1
2.4124E+11,三重県,南勢志摩,要,要手配,西井病院,0,2016/6/9 15:08,0,1,0,1,1,0,1,0,,2016/6/9 15:06,,,2016/6/9 15:07,0,0,1,0,,3,1,1,,2,1,,,,60,0,0,0,0,0,0,0,0,0,0,0,0,0,0,0,0,0,,--：--,--：--,--：--,--：--,--：--,--：--,0,0,0,0,0,0,,2016/6/9 15:07,2016/6/9 15:08,0,,1
2.4124E+11,三重県,南勢志摩,未,未入力,花の丘病院,0, ,0,,,,,,,,, ,,, ,,,,,,,,,,,,,,,0,0,0,0,0,0,0,0,0,0,0,0,0,0,0,0,0,0,, , , , , , ,0,0,0,0,0,0,, , ,0,,1
2.4124E+11,三重県,南勢志摩,未,未入力,豊和病院,0, ,0,,,,,,,,, ,,, ,,,,,,,,,,,,,,,0,0,0,0,0,0,0,0,0,0,0,0,0,0,0,0,0,0,, , , , , , ,0,0,0,0,0,0,, , ,0,,1
2.4124E+11,三重県,南勢志摩,未,未入力,松阪厚生病院,0, ,0,,,,,,,,, ,,, ,,,,,,,,,,,,,,,0,0,0,0,0,0,0,0,0,0,0,0,0,0,0,0,0,0,, , , , , , ,0,0,0,0,0,0,, , ,0,,1
2.4124E+11,三重県,南勢志摩,未,未入力,松阪市民病院,0, ,0,,,,,,,,, ,,, ,,,,,,,,,,,,,,,0,0,0,0,0,0,0,0,0,0,0,0,0,0,0,0,0,0,, , , , , , ,0,0,0,0,0,0,, , ,0,,1
2.4124E+11,三重県,南勢志摩,未,未入力,三重県厚生連　松阪中央総合病院,0, ,0,,,,,,,,, ,,, ,,,,,,,,,,,,,,,0,0,0,0,0,0,0,0,0,0,0,0,0,0,0,0,0,0,, , , , , , ,0,0,0,0,0,0,, , ,0,,1
2.4124E+11,三重県,南勢志摩,未,未入力,三重県立志摩病院,0, ,0,,,,,,,,, ,,, ,,,,,,,,,,,,,,,0,0,0,0,0,0,0,0,0,0,0,0,0,0,0,0,0,0,, , , , , , ,0,0,0,0,0,0,, , ,0,,1
2.4124E+11,三重県,南勢志摩,未,未入力,三重ハートセンター,0, ,0,,,,,,,,, ,,, ,,,,,,,,,,,,,,,0,0,0,0,0,0,0,0,0,0,0,0,0,0,0,0,0,0,, , , , , , ,0,0,0,0,0,0,, , ,0,,1
2.4124E+11,三重県,東紀州,未,未入力,尾鷲総合病院,0, ,0,,,,,,,,, ,,, ,,,,,,,,,,,,,,,0,0,0,0,0,0,0,0,0,0,0,0,0,0,0,0,0,0,, , , , , , ,0,0,0,0,0,0,, , ,0,,1
2.4124E+11,三重県,東紀州,未,未入力,紀南病院,0, ,0,,,,,,,,, ,,, ,,,,,,,,,,,,,,,0,0,0,0,0,0,0,0,0,0,0,0,0,0,0,0,0,0,, , , , , , ,0,0,0,0,0,0,, , ,0,,1
2.4124E+11,三重県,東紀州,未,未入力,熊野病院,0, ,0,,,,,,,,, ,,, ,,,,,,,,,,,,,,,0,0,0,0,0,0,0,0,0,0,0,0,0,0,0,0,0,0,, , , , , , ,0,0,0,0,0,0,, , ,0,,1
51050600050,三重県,東紀州,未,未入力,第一病院,0, ,0,,,,,,,,, ,,, ,,,,,,,,,,,,,,,0,0,0,0,0,0,0,0,0,0,0,0,0,0,0,0,0,0,, , , , , , ,0,0,0,0,0,0,, , ,0,,1
2.4124E+11,三重県,東紀州,未,未入力,長島回生病院,0, ,0,,,,,,,,, ,,, ,,,,,,,,,,,,,,,0,0,0,0,0,0,0,0,0,0,0,0,0,0,0,0,0,0,, , , , , , ,0,0,0,0,0,0,, , ,0,,1
1.1111E+11,香川県,大川,未,未入力,岡病院,0, ,0,,,,,,,,, ,,, ,,,,,,,,,,,,,,,0,0,0,0,0,0,0,0,0,0,0,0,0,0,0,0,0,0,, , , , , , ,0,0,0,0,0,0,, , ,0,,1
3.7137E+11,香川県,大川,未,未入力,香川県立白鳥病院,0, ,0,,,,,,,,, ,,, ,,,,,,,,,,,,,,,0,0,0,0,0,0,0,0,0,0,0,0,0,0,0,0,0,0,, , , , , , ,0,0,0,0,0,0,, , ,0,,1
2.71276E+11,香川県,大川,未,未入力,阪本病院,0, ,0,,,,,,,,, ,,, ,,,,,,,,,,,,,,,0,0,0,0,0,0,0,0,0,0,0,0,0,0,0,0,0,0,, , , , , , ,0,0,0,0,0,0,, , ,0,,1
3.7137E+11,香川県,大川,未,未入力,さぬき市民病院,1, ,0,,,,,,,,, ,,, ,,,,,,,,,,,,,,,0,0,0,0,0,0,0,0,0,0,0,0,0,0,0,0,0,0,, , , , , , ,0,0,0,0,0,0,, , ,0,,1
3.7137E+11,香川県,小豆,未,未入力,（医）社団宝樹会小豆島病院,0, ,0,,,,,,,,, ,,, ,,,,,,,,,,,,,,,0,0,0,0,0,0,0,0,0,0,0,0,0,0,0,0,0,0,, , , , , , ,0,0,0,0,0,0,, , ,0,,1
3.7137E+11,香川県,小豆,未,未入力,小豆島中央病院,0, ,0,,,,,,,,, ,,, ,,,,,,,,,,,,,,,0,0,0,0,0,0,0,0,0,0,0,0,0,0,0,0,0,0,, , , , , , ,0,0,0,0,0,0,, , ,0,,1
3.7137E+11,香川県,小豆,未,未入力,牟礼病院,0, ,0,,,,,,,,, ,,, ,,,,,,,,,,,,,,,0,0,0,0,0,0,0,0,0,0,0,0,0,0,0,0,0,0,, , , , , , ,0,0,0,0,0,0,, , ,0,,1
3.71371E+11,香川県,高松,未,未入力,ＫＫＲ高松病院,0, ,0,,,,,,,,, ,,, ,,,,,,,,,,,,,,,0,0,0,0,0,0,0,0,0,0,0,0,0,0,0,0,0,0,, , , , , , ,0,0,0,0,0,0,, , ,0,,1
3.71371E+11,香川県,高松,未,未入力,大島青松園,0, ,0,,,,,,,,, ,,, ,,,,,,,,,,,,,,,0,0,0,0,0,0,0,0,0,0,0,0,0,0,0,0,0,0,, , , , , , ,0,0,0,0,0,0,, , ,0,,1
11013000700,香川県,高松,未,未入力,大西病院,0, ,0,,,,,,,,, ,,, ,,,,,,,,,,,,,,,0,0,0,0,0,0,0,0,0,0,0,0,0,0,0,0,0,0,, , , , , , ,0,0,0,0,0,0,, , ,0,,1
3.71371E+11,香川県,高松,未,未入力,オサカ病院,0, ,0,,,,,,,,, ,,, ,,,,,,,,,,,,,,,0,0,0,0,0,0,0,0,0,0,0,0,0,0,0,0,0,0,, , , , , , ,0,0,0,0,0,0,, , ,0,,1
3.71371E+11,香川県,高松,未,未入力,香川県済生会病院,0, ,0,,,,,,,,, ,,, ,,,,,,,,,,,,,,,0,0,0,0,0,0,0,0,0,0,0,0,0,0,0,0,0,0,, , , , , , ,0,0,0,0,0,0,, , ,0,,1
3.72371E+11,香川県,高松,未,未入力,香川県立がん検診センター,0, ,0,,,,,,,,, ,,, ,,,,,,,,,,,,,,,0,0,0,0,0,0,0,0,0,0,0,0,0,0,0,0,0,0,, , , , , , ,0,0,0,0,0,0,, , ,0,,1
3.71371E+11,香川県,高松,未,未入力,香川県立中央病院,0, ,0,,,,,,,,, ,,, ,,,,,,,,,,,,,,,0,0,0,0,0,0,0,0,0,0,0,0,0,0,0,0,0,0,, , , , , , ,0,0,0,0,0,0,, , ,0,,1
3.71371E+11,香川県,高松,未,未入力,かがわ総合リハビリテーション病院,0, ,0,,,,,,,,, ,,, ,,,,,,,,,,,,,,,0,0,0,0,0,0,0,0,0,0,0,0,0,0,0,0,0,0,, , , , , , ,0,0,0,0,0,0,, , ,0,,1
3.7137E+11,香川県,高松,未,未入力,香川大学医学部附属病院,0, ,0,,,,,,,,, ,,, ,,,,,,,,,,,,,,,0,0,0,0,0,0,0,0,0,0,0,0,0,0,0,0,0,0,, , , , , , ,0,0,0,0,0,0,, , ,0,,1
3.7137E+11,香川県,高松,未,未入力,樫村病院,0, ,0,,,,,,,,, ,,, ,,,,,,,,,,,,,,,0,0,0,0,0,0,0,0,0,0,0,0,0,0,0,0,0,0,, , , , , , ,0,0,0,0,0,0,, , ,0,,1
3.71371E+11,香川県,高松,未,未入力,木太三宅病院,0, ,0,,,,,,,,, ,,, ,,,,,,,,,,,,,,,0,0,0,0,0,0,0,0,0,0,0,0,0,0,0,0,0,0,, , , , , , ,0,0,0,0,0,0,, , ,0,,1
3.71371E+11,香川県,高松,未,未入力,キナシ大林病院,0, ,0,,,,,,,,, ,,, ,,,,,,,,,,,,,,,0,0,0,0,0,0,0,0,0,0,0,0,0,0,0,0,0,0,, , , , , , ,0,0,0,0,0,0,, , ,0,,1
1.32134E+11,香川県,高松,未,未入力,久米川病院,0, ,0,,,,,,,,, ,,, ,,,,,,,,,,,,,,,0,0,0,0,0,0,0,0,0,0,0,0,0,0,0,0,0,0,, , , , , , ,0,0,0,0,0,0,, , ,0,,1
3.71371E+11,香川県,高松,未,未入力,クワヤ病院,0, ,0,,,,,,,,, ,,, ,,,,,,,,,,,,,,,0,0,0,0,0,0,0,0,0,0,0,0,0,0,0,0,0,0,, , , , , , ,0,0,0,0,0,0,, , ,0,,1
2.31233E+11,香川県,高松,未,未入力,斉藤病院,0, ,0,,,,,,,,, ,,, ,,,,,,,,,,,,,,,0,0,0,0,0,0,0,0,0,0,0,0,0,0,0,0,0,0,, , , , , , ,0,0,0,0,0,0,, , ,0,,1
3.71371E+11,香川県,高松,未,未入力,三光病院,0, ,0,,,,,,,,, ,,, ,,,,,,,,,,,,,,,0,0,0,0,0,0,0,0,0,0,0,0,0,0,0,0,0,0,, , , , , , ,0,0,0,0,0,0,, , ,0,,1
3.71371E+11,香川県,高松,未,未入力,塩江分院,0, ,0,,,,,,,,, ,,, ,,,,,,,,,,,,,,,0,0,0,0,0,0,0,0,0,0,0,0,0,0,0,0,0,0,, , , , , , ,0,0,0,0,0,0,, , ,0,,1
3.71371E+11,香川県,高松,未,未入力,高畠病院,0, ,0,,,,,,,,, ,,, ,,,,,,,,,,,,,,,0,0,0,0,0,0,0,0,0,0,0,0,0,0,0,0,0,0,, , , , , , ,0,0,0,0,0,0,, , ,0,,1
3.71371E+11,香川県,高松,未,未入力,高松医療センター,0, ,0,,,,,,,,, ,,, ,,,,,,,,,,,,,,,0,0,0,0,0,0,0,0,0,0,0,0,0,0,0,0,0,0,, , , , , , ,0,0,0,0,0,0,, , ,0,,1
3.71371E+11,香川県,高松,未,未入力,高松大林病院,0, ,0,,,,,,,,, ,,, ,,,,,,,,,,,,,,,0,0,0,0,0,0,0,0,0,0,0,0,0,0,0,0,0,0,, , , , , , ,0,0,0,0,0,0,, , ,0,,1
3.71371E+11,香川県,高松,未,未入力,高松協同病院,0, ,0,,,,,,,,, ,,, ,,,,,,,,,,,,,,,0,0,0,0,0,0,0,0,0,0,0,0,0,0,0,0,0,0,, , , , , , ,0,0,0,0,0,0,, , ,0,,1
3.71371E+11,香川県,高松,未,未入力,高松市民病院,0, ,0,,,,,,,,, ,,, ,,,,,,,,,,,,,,,0,0,0,0,0,0,0,0,0,0,0,0,0,0,0,0,0,0,, , , , , , ,0,0,0,0,0,0,, , ,0,,1
3.71371E+11,香川県,高松,未,未入力,高松赤十字病院,0, ,0,,,,,,,,, ,,, ,,,,,,,,,,,,,,,0,0,0,0,0,0,0,0,0,0,0,0,0,0,0,0,0,0,, , , , , , ,0,0,0,0,0,0,, , ,0,,1
3.71371E+11,香川県,高松,未,未入力,高松平和病院,0, ,0,,,,,,,,, ,,, ,,,,,,,,,,,,,,,0,0,0,0,0,0,0,0,0,0,0,0,0,0,0,0,0,0,, , , , , , ,0,0,0,0,0,0,, , ,0,,1
3.71371E+11,香川県,高松,未,未入力,伊達病院,0, ,0,,,,,,,,, ,,, ,,,,,,,,,,,,,,,0,0,0,0,0,0,0,0,0,0,0,0,0,0,0,0,0,0,, , , , , , ,0,0,0,0,0,0,, , ,0,,1
3.71371E+11,香川県,高松,未,未入力,地域医療機構りつりん病院,0, ,0,,,,,,,,, ,,, ,,,,,,,,,,,,,,,0,0,0,0,0,0,0,0,0,0,0,0,0,0,0,0,0,0,, , , , , , ,0,0,0,0,0,0,, , ,0,,1
3.4134E+11,香川県,高松,未,未入力,馬場病院,0, ,0,,,,,,,,, ,,, ,,,,,,,,,,,,,,,0,0,0,0,0,0,0,0,0,0,0,0,0,0,0,0,0,0,, , , , , , ,0,0,0,0,0,0,, , ,0,,1
3.71371E+11,香川県,高松,未,未入力,百石病院,0, ,0,,,,,,,,, ,,, ,,,,,,,,,,,,,,,0,0,0,0,0,0,0,0,0,0,0,0,0,0,0,0,0,0,, , , , , , ,0,0,0,0,0,0,, , ,0,,1
40000011020,香川県,高松,未,未入力,広瀬病院,0, ,0,,,,,,,,, ,,, ,,,,,,,,,,,,,,,0,0,0,0,0,0,0,0,0,0,0,0,0,0,0,0,0,0,, , , , , , ,0,0,0,0,0,0,, , ,0,,1
81080000091,香川県,高松,未,未入力,前田病院,0, ,0,,,,,,,,, ,,, ,,,,,,,,,,,,,,,0,0,0,0,0,0,0,0,0,0,0,0,0,0,0,0,0,0,, , , , , , ,0,0,0,0,0,0,, , ,0,,1
3.71371E+11,香川県,高松,未,未入力,マオカ病院,0, ,0,,,,,,,,, ,,, ,,,,,,,,,,,,,,,0,0,0,0,0,0,0,0,0,0,0,0,0,0,0,0,0,0,, , , , , , ,0,0,0,0,0,0,, , ,0,,1
3.71371E+11,香川県,高松,未,未入力,ミタニ藤田病院,0, ,0,,,,,,,,, ,,, ,,,,,,,,,,,,,,,0,0,0,0,0,0,0,0,0,0,0,0,0,0,0,0,0,0,, , , , , , ,0,0,0,0,0,0,, , ,0,,1
3.71371E+11,香川県,高松,未,未入力,屋島総合病院,0, ,0,,,,,,,,, ,,, ,,,,,,,,,,,,,,,0,0,0,0,0,0,0,0,0,0,0,0,0,0,0,0,0,0,, , , , , , ,0,0,0,0,0,0,, , ,0,,1
3.71371E+11,香川県,高松,未,未入力,吉峰病院,0, ,0,,,,,,,,, ,,, ,,,,,,,,,,,,,,,0,0,0,0,0,0,0,0,0,0,0,0,0,0,0,0,0,0,, , , , , , ,0,0,0,0,0,0,, , ,0,,1
3.7137E+11,香川県,中讃,未,未入力,赤沢病院,0, ,0,,,,,,,,, ,,, ,,,,,,,,,,,,,,,0,0,0,0,0,0,0,0,0,0,0,0,0,0,0,0,0,0,, , , , , , ,0,0,0,0,0,0,, , ,0,,1
3.7137E+11,香川県,中讃,未,未入力,麻田総合病院,0, ,0,,,,,,,,, ,,, ,,,,,,,,,,,,,,,0,0,0,0,0,0,0,0,0,0,0,0,0,0,0,0,0,0,, , , , , , ,0,0,0,0,0,0,, , ,0,,1
3.7137E+11,香川県,中讃,未,未入力,岩佐病院,0, ,0,,,,,,,,, ,,, ,,,,,,,,,,,,,,,0,0,0,0,0,0,0,0,0,0,0,0,0,0,0,0,0,0,, , , , , , ,0,0,0,0,0,0,, , ,0,,1
3.7137E+11,香川県,中讃,未,未入力,岩本病院,0, ,0,,,,,,,,, ,,, ,,,,,,,,,,,,,,,0,0,0,0,0,0,0,0,0,0,0,0,0,0,0,0,0,0,, , , , , , ,0,0,0,0,0,0,, , ,0,,1
3.7137E+11,香川県,中讃,未,未入力,宇多津病院,0, ,0,,,,,,,,, ,,, ,,,,,,,,,,,,,,,0,0,0,0,0,0,0,0,0,0,0,0,0,0,0,0,0,0,, , , , , , ,0,0,0,0,0,0,, , ,0,,1
3.7137E+11,香川県,中讃,未,未入力,永生病院,0, ,0,,,,,,,,, ,,, ,,,,,,,,,,,,,,,0,0,0,0,0,0,0,0,0,0,0,0,0,0,0,0,0,0,, , , , , , ,0,0,0,0,0,0,, , ,0,,1
3.7137E+11,香川県,中讃,未,未入力,おおにし病院,0, ,0,,,,,,,,, ,,, ,,,,,,,,,,,,,,,0,0,0,0,0,0,0,0,0,0,0,0,0,0,0,0,0,0,, , , , , , ,0,0,0,0,0,0,, , ,0,,1
3.7137E+11,香川県,中讃,未,未入力,香川県立丸亀病院,0, ,0,,,,,,,,, ,,, ,,,,,,,,,,,,,,,0,0,0,0,0,0,0,0,0,0,0,0,0,0,0,0,0,0,, , , , , , ,0,0,0,0,0,0,, , ,0,,1
3.7137E+11,香川県,中讃,未,未入力,香川労災病院,0, ,0,,,,,,,,, ,,, ,,,,,,,,,,,,,,,0,0,0,0,0,0,0,0,0,0,0,0,0,0,0,0,0,0,, , , , , , ,0,0,0,0,0,0,, , ,0,,1
11013006500,香川県,中讃,未,未入力,加藤病院,0, ,0,,,,,,,,, ,,, ,,,,,,,,,,,,,,,0,0,0,0,0,0,0,0,0,0,0,0,0,0,0,0,0,0,, , , , , , ,0,0,0,0,0,0,, , ,0,,1
3.7137E+11,香川県,中讃,未,未入力,河内病院,0, ,0,,,,,,,,, ,,, ,,,,,,,,,,,,,,,0,0,0,0,0,0,0,0,0,0,0,0,0,0,0,0,0,0,, , , , , , ,0,0,0,0,0,0,, , ,0,,1
3.7137E+11,香川県,中讃,未,未入力,厚仁病院,0, ,0,,,,,,,,, ,,, ,,,,,,,,,,,,,,,0,0,0,0,0,0,0,0,0,0,0,0,0,0,0,0,0,0,, , , , , , ,0,0,0,0,0,0,, , ,0,,1
3.7137E+11,香川県,中讃,未,未入力,五色台病院,0, ,0,,,,,,,,, ,,, ,,,,,,,,,,,,,,,0,0,0,0,0,0,0,0,0,0,0,0,0,0,0,0,0,0,, , , , , , ,0,0,0,0,0,0,, , ,0,,1
3.7137E+11,香川県,中讃,未,未入力,坂出市立病院,0, ,0,,,,,,,,, ,,, ,,,,,,,,,,,,,,,0,0,0,0,0,0,0,0,0,0,0,0,0,0,0,0,0,0,, , , , , , ,0,0,0,0,0,0,, , ,0,,1
3.7137E+11,香川県,中讃,未,未入力,坂出聖マルチン病院,0, ,0,,,,,,,,, ,,, ,,,,,,,,,,,,,,,0,0,0,0,0,0,0,0,0,0,0,0,0,0,0,0,0,0,, , , , , , ,0,0,0,0,0,0,, , ,0,,1
3.7137E+11,香川県,中讃,未,未入力,四国こどもとおとなの医療センター,0, ,0,,,,,,,,, ,,, ,,,,,,,,,,,,,,,0,0,0,0,0,0,0,0,0,0,0,0,0,0,0,0,0,0,, , , , , , ,0,0,0,0,0,0,, , ,0,,1
3.7137E+11,香川県,中讃,未,未入力,篠原記念病院,0, ,0,,,,,,,,, ,,, ,,,,,,,,,,,,,,,0,0,0,0,0,0,0,0,0,0,0,0,0,0,0,0,0,0,, , , , , , ,0,0,0,0,0,0,, , ,0,,1
3.7137E+11,香川県,中讃,未,未入力,陶病院,0, ,0,,,,,,,,, ,,, ,,,,,,,,,,,,,,,0,0,0,0,0,0,0,0,0,0,0,0,0,0,0,0,0,0,, , , , , , ,0,0,0,0,0,0,, , ,0,,1
3.7137E+11,香川県,中讃,未,未入力,善通寺前田病院,0, ,0,,,,,,,,, ,,, ,,,,,,,,,,,,,,,0,0,0,0,0,0,0,0,0,0,0,0,0,0,0,0,0,0,, , , , , , ,0,0,0,0,0,0,, , ,0,,1
3.7137E+11,香川県,中讃,要,要手配,総合病院回生病院,1,2016/6/9 15:48,77,0,1,1,1,1,0,1,ICUより医療ガスが出ていない。衛生機材の不足あり。,2016/6/6 15:28,,,2016/6/9 15:48,0,0,1,1,4F〜12Fまでの全ての病室にひび割れあり。一般外来棚を整理すれば一部の科で診療可能。,2,3,3,0,2,1,薬品については近隣に4件の調剤薬局があるが、どこも閉まっている。,0,0,348,20,100,22,105,4,1,4,1,5,0,10,0,0,0,0,0,0,1,8:30,17:00,--：--,--：--,--：--,--：--,50,2,300,5,100,4,手術は整形のみ可能。人工透析は緊急透析患者のみ可能,2016/6/8 15:39,2016/6/9 15:47,0,,1
3.7137E+11,香川県,中讃,未,未入力,滝宮総合病院,0, ,0,,,,,,,,, ,,, ,,,,,,,,,,,,,,,0,0,0,0,0,0,0,0,0,0,0,0,0,0,0,0,0,0,, , , , , , ,0,0,0,0,0,0,, , ,0,,1
3.7137E+11,香川県,中讃,未,未入力,多度津三宅病院,0, ,0,,,,,,,,, ,,, ,,,,,,,,,,,,,,,0,0,0,0,0,0,0,0,0,0,0,0,0,0,0,0,0,0,, , , , , , ,0,0,0,0,0,0,, , ,0,,1
3.61366E+11,香川県,中讃,未,未入力,谷病院,0, ,0,,,,,,,,, ,,, ,,,,,,,,,,,,,,,0,0,0,0,0,0,0,0,0,0,0,0,0,0,0,0,0,0,, , , , , , ,0,0,0,0,0,0,, , ,0,,1
3.7137E+11,香川県,中讃,未,未入力,西紋病院,0, ,0,,,,,,,,, ,,, ,,,,,,,,,,,,,,,0,0,0,0,0,0,0,0,0,0,0,0,0,0,0,0,0,0,, , , , , , ,0,0,0,0,0,0,, , ,0,,1
3.7137E+11,香川県,中讃,未,未入力,西山脳神経外科病院,0, ,0,,,,,,,,, ,,, ,,,,,,,,,,,,,,,0,0,0,0,0,0,0,0,0,0,0,0,0,0,0,0,0,0,, , , , , , ,0,0,0,0,0,0,, , ,0,,1
3.7137E+11,香川県,中讃,未,未入力,三船病院,0, ,0,,,,,,,,, ,,, ,,,,,,,,,,,,,,,0,0,0,0,0,0,0,0,0,0,0,0,0,0,0,0,0,0,, , , , , , ,0,0,0,0,0,0,, , ,0,,1
3.7137E+11,香川県,中讃,未,未入力,宮野病院,0, ,0,,,,,,,,, ,,, ,,,,,,,,,,,,,,,0,0,0,0,0,0,0,0,0,0,0,0,0,0,0,0,0,0,, , , , , , ,0,0,0,0,0,0,, , ,0,,1
11013000600,香川県,中讃,未,未入力,吉田病院,0, ,0,,,,,,,,, ,,, ,,,,,,,,,,,,,,,0,0,0,0,0,0,0,0,0,0,0,0,0,0,0,0,0,0,, , , , , , ,0,0,0,0,0,0,, , ,0,,1
81080000014,香川県,三豊,未,未入力,岩崎病院,0, ,0,,,,,,,,, ,,, ,,,,,,,,,,,,,,,0,0,0,0,0,0,0,0,0,0,0,0,0,0,0,0,0,0,, , , , , , ,0,0,0,0,0,0,, , ,0,,1
3.7137E+11,香川県,三豊,未,未入力,香川井下病院,0, ,0,,,,,,,,, ,,, ,,,,,,,,,,,,,,,0,0,0,0,0,0,0,0,0,0,0,0,0,0,0,0,0,0,, , , , , , ,0,0,0,0,0,0,, , ,0,,1
3.7137E+11,香川県,三豊,未,未入力,河田病院,0, ,0,,,,,,,,, ,,, ,,,,,,,,,,,,,,,0,0,0,0,0,0,0,0,0,0,0,0,0,0,0,0,0,0,, , , , , , ,0,0,0,0,0,0,, , ,0,,1
12015005700,香川県,三豊,未,未入力,小林整形外科医院,0, ,0,,,,,,,,, ,,, ,,,,,,,,,,,,,,,0,0,0,0,0,0,0,0,0,0,0,0,0,0,0,0,0,0,, , , , , , ,0,0,0,0,0,0,, , ,0,,1
1.11113E+11,香川県,三豊,未,未入力,清水病院,0, ,0,,,,,,,,, ,,, ,,,,,,,,,,,,,,,0,0,0,0,0,0,0,0,0,0,0,0,0,0,0,0,0,0,, , , , , , ,0,0,0,0,0,0,, , ,0,,1
3.7137E+11,香川県,三豊,未,未入力,白井病院,0, ,0,,,,,,,,, ,,, ,,,,,,,,,,,,,,,0,0,0,0,0,0,0,0,0,0,0,0,0,0,0,0,0,0,, , , , , , ,0,0,0,0,0,0,, , ,0,,1
3.7137E+11,香川県,三豊,未,未入力,羽崎病院,0, ,0,,,,,,,,, ,,, ,,,,,,,,,,,,,,,0,0,0,0,0,0,0,0,0,0,0,0,0,0,0,0,0,0,, , , , , , ,0,0,0,0,0,0,, , ,0,,1
3.01001E+11,香川県,三豊,未,未入力,橋本病院,0, ,0,,,,,,,,, ,,, ,,,,,,,,,,,,,,,0,0,0,0,0,0,0,0,0,0,0,0,0,0,0,0,0,0,, , , , , , ,0,0,0,0,0,0,, , ,0,,1
3.7137E+11,香川県,三豊,未,未入力,細川病院,0, ,0,,,,,,,,, ,,, ,,,,,,,,,,,,,,,0,0,0,0,0,0,0,0,0,0,0,0,0,0,0,0,0,0,, , , , , , ,0,0,0,0,0,0,, , ,0,,1
1.31114E+11,香川県,三豊,未,未入力,松井病院,0, ,0,,,,,,,,, ,,, ,,,,,,,,,,,,,,,0,0,0,0,0,0,0,0,0,0,0,0,0,0,0,0,0,0,, , , , , , ,0,0,0,0,0,0,, , ,0,,1
3.7137E+11,香川県,三豊,未,未入力,三豊市立永康病院,0, ,0,,,,,,,,, ,,, ,,,,,,,,,,,,,,,0,0,0,0,0,0,0,0,0,0,0,0,0,0,0,0,0,0,, , , , , , ,0,0,0,0,0,0,, , ,0,,1
3.7137E+11,香川県,三豊,未,未入力,三豊市立西香川病院,0, ,0,,,,,,,,, ,,, ,,,,,,,,,,,,,,,0,0,0,0,0,0,0,0,0,0,0,0,0,0,0,0,0,0,, , , , , , ,0,0,0,0,0,0,, , ,0,,1
3.7137E+11,香川県,三豊,未,未入力,三豊総合病院,1, ,0,,,,,,,,, ,,, ,,,,,,,,,,,,,,,0,0,0,0,0,0,0,0,0,0,0,0,0,0,0,0,0,0,, , , , , , ,0,0,0,0,0,0,, , ,0,,1
3.91395E+11,高知県,高知市,未,支援中,愛幸病院,2, ,0,,,,,,,,, ,,, ,,,,,,,,,,,,,,,0,0,0,0,0,0,0,0,0,0,0,0,0,0,0,0,0,0,, , , , , , ,0,0,0,0,0,0,, , ,0,,1
1.2112E+11,高知県,高知市,未,手配済,浅井病院,1, ,0,,,,,,,,, ,,, ,,,,,,,,,,,,,,,0,0,0,0,0,0,0,0,0,0,0,0,0,0,0,0,0,0,, , , , , , ,0,0,0,0,0,0,, , ,0,,1
3.91395E+11,高知県,高知市,要,要手配,朝倉病院,0,2016/6/8 15:13,0,1,1,1,1,1,0,0,傷病者受入れなし。全入院患者避難完了。,2016/6/8 14:43,9097109603,bon-ohta2010@ezweb.ne.jp,2016/6/8 15:13,1,1,1,1,,2,1,1,1,2,2,,1,1,0,0,0,0,0,0,0,0,0,0,0,0,0,0,0,0,0,0,1,--：--,--：--,--：--,--：--,--：--,--：--,20,2,50,2,50,1,傷病者受入れなし。全入院患者避難完了。,2016/6/8 15:12,2016/6/8 15:13,0,,1
3.91395E+11,高知県,高知市,要,要手配,愛宕病院,0,2016/6/8 15:11,0,0,0,0,0,0,1,1,,2016/6/8 14:45,,,2016/6/8 15:08,0,0,0,0,,3,4,3,0,2,2,,0,0,0,30,50,40,70,30,20,0,0,0,0,0,10,25,0,0,0,0,1,--：--,--：--,--：--,--：--,--：--,--：--,0,0,0,0,0,0,,2016/6/8 14:46,2016/6/8 15:11,0,,1
3.91395E+11,高知県,高知市,未,未入力,愛宕病院分院,0, ,0,,,,,,,,, ,,, ,,,,,,,,,,,,,,,0,0,0,0,0,0,0,0,0,0,0,0,0,0,0,0,0,0,, , , , , , ,0,0,0,0,0,0,, , ,0,,1
3.91393E+11,高知県,高知市,要,要手配,いずみの病院,0,2016/6/8 15:10,0,0,0,1,1,0,0,0,電気は自家発電にて対応中,2016/6/8 14:45,1223456,,2016/6/8 15:08,0,0,0,0,,2,1,2,0,3,3,,1,1,0,5,5,7,5,5,10,5,10,10,5,0,0,0,0,0,0,0,1,--：--,--：--,--：--,--：--,--：--,--：--,5,1,15,3,20,2,,2016/6/8 14:47,2016/6/8 15:10,0,,1
3.91395E+11,高知県,高知市,未,未入力,医療法人薫風会毛山病院,0, ,0,,,,,,,,, ,,, ,,,,,,,,,,,,,,,0,0,0,0,0,0,0,0,0,0,0,0,0,0,0,0,0,0,, , , , , , ,0,0,0,0,0,0,, , ,0,,1
3.92395E+11,高知県,高知市,未,未入力,医療法人博生会内田産婦人科,0, ,0,,,,,,,,, ,,, ,,,,,,,,,,,,,,,0,0,0,0,0,0,0,0,0,0,0,0,0,0,0,0,0,0,, , , , , , ,0,0,0,0,0,0,, , ,0,,1
3.91395E+11,高知県,高知市,要,要手配,医療法人仁栄会島津病院,0,2016/6/8 15:07,0,1,1,0,1,1,1,1,,2016/6/8 14:50,9072907386,,2016/6/8 14:51,1,1,1,1,,1,3,1,0,2,1,,1,1,0,3,3,3,3,3,3,1,1,3,3,0,0,0,0,0,0,0,1,--：--,--：--,--：--,--：--,--：--,--：--,8,2,10,21,5,1,島津病院、倒壊の恐れあり。患者受け入れは不可。,2016/6/8 14:53,2016/6/8 15:07,0,,1
3.92395E+11,高知県,高知市,未,未入力,うえたクリニック,0, ,0,,,,,,,,, ,,, ,,,,,,,,,,,,,,,0,0,0,0,0,0,0,0,0,0,0,0,0,0,0,0,0,0,, , , , , , ,0,0,0,0,0,0,, , ,0,,1
3.91395E+11,高知県,高知市,要,要手配,潮江高橋病院,0,2016/6/8 14:54,0,0,1,1,1,1,1,1,,2016/6/8 14:45,,,2016/6/8 14:46,,,,,,,,,,,,,,,0,0,0,0,0,0,0,0,0,0,0,0,0,0,0,0,0,0,,--：--,--：--,--：--,--：--,--：--,--：--,0,0,0,0,0,0,,2016/6/8 14:54,2016/6/8 14:54,0,,1
3.92395E+11,高知県,高知市,要,要手配,内田脳神経外科,0,2016/6/8 15:11,0,0,0,0,0,1,1,1,,2016/6/8 14:46,,,2016/6/8 15:08,1,0,1,0,,2,2,3,0,2,2,抗精神薬,0,0,0,1,1,2,1,2,0,1,1,1,1,0,1,2,1,1,0,0,,--：--,--：--,--：--,--：--,--：--,--：--,0,0,0,0,0,0,駐車場の崩壊,2016/6/8 15:11,2016/6/8 15:11,0,,1
3.91395E+11,高知県,高知市,未,未入力,海辺の杜ホスピタル,0, ,0,,,,,,,,, ,,, ,,,,,,,,,,,,,,,0,0,0,0,0,0,0,0,0,0,0,0,0,0,0,0,0,0,, , , , , , ,0,0,0,0,0,0,, , ,0,,1
3.91395E+11,高知県,高知市,要,要手配,岡林病院,0,2016/6/8 15:12,0,1,0,0,1,1,1,1,,2016/6/8 14:45,8016483627,matsumotoh93@gmail.com,2016/6/8 14:46,1,1,1,1,,3,4,3,0,2,2,,0,1,0,2,8,5,35,5,0,2,3,5,0,0,1,3,1,4,2,2,2,8:00,16:00,--：--,--：--,--：--,--：--,20,1,100,3,60,6,,2016/6/8 15:12,2016/6/8 15:12,0,,1
3.91395E+11,高知県,高知市,未,未入力,岡村病院,0, ,0,,,,,,,,, ,,, ,,,,,,,,,,,,,,,0,0,0,0,0,0,0,0,0,0,0,0,0,0,0,0,0,0,, , , , , , ,0,0,0,0,0,0,, , ,0,,1
3.91395E+11,高知県,高知市,要,要手配,上町病院,0,2016/6/8 15:10,0,0,1,1,1,1,1,1,,2016/6/8 14:45,,,2016/6/8 14:46,0,0,0,0,,2,1,1,,1,1,高血圧薬,1,1,0,2,3,5,7,2,3,2,2,2,2,0,0,0,0,0,0,0,1,--：--,--：--,--：--,--：--,--：--,--：--,2,0,5,0,7,0,,2016/6/8 15:08,2016/6/8 15:10,0,,1
3.92395E+11,高知県,高知市,未,未入力,かもだの診療所,0, ,0,,,,,,,,, ,,, ,,,,,,,,,,,,,,,0,0,0,0,0,0,0,0,0,0,0,0,0,0,0,0,0,0,, , , , , , ,0,0,0,0,0,0,, , ,0,,1
3.92393E+11,高知県,高知市,未,未入力,かわず皮フ科,0, ,0,,,,,,,,, ,,, ,,,,,,,,,,,,,,,0,0,0,0,0,0,0,0,0,0,0,0,0,0,0,0,0,0,, , , , , , ,0,0,0,0,0,0,, , ,0,,1
2.21226E+11,高知県,高知市,未,未入力,川村病院,0, ,0,,,,,,,,, ,,, ,,,,,,,,,,,,,,,0,0,0,0,0,0,0,0,0,0,0,0,0,0,0,0,0,0,, , , , , , ,0,0,0,0,0,0,, , ,0,,1
3.91395E+11,高知県,高知市,未,未入力,記念病院,0, ,0,,,,,,,,, ,,, ,,,,,,,,,,,,,,,0,0,0,0,0,0,0,0,0,0,0,0,0,0,0,0,0,0,, , , , , , ,0,0,0,0,0,0,, , ,0,,1
40000050005,高知県,高知市,未,未入力,木村病院,0, ,0,,,,,,,,, ,,, ,,,,,,,,,,,,,,,0,0,0,0,0,0,0,0,0,0,0,0,0,0,0,0,0,0,, , , , , , ,0,0,0,0,0,0,, , ,0,,1
3.91393E+11,高知県,高知市,未,未入力,きんろう病院,0, ,0,,,,,,,,, ,,, ,,,,,,,,,,,,,,,0,0,0,0,0,0,0,0,0,0,0,0,0,0,0,0,0,0,, , , , , , ,0,0,0,0,0,0,, , ,0,,1
3.91395E+11,高知県,高知市,要,要手配,国吉病院,0,2016/6/8 14:50,0,1,1,1,1,1,1,1,,2016/6/8 14:34,,,2016/6/8 14:45,1,1,1,1,,1,1,2,1,2,2,,1,1,0,0,8,5,15,5,15,2,10,12,8,0,0,0,0,0,0,0,1,--：--,--：--,--：--,--：--,--：--,--：--,3,0,20,0,10,0,,2016/6/8 14:46,2016/6/8 14:50,0,,1
3.92395E+11,高知県,高知市,未,未入力,けら小児科アレルギー科,0, ,0,,,,,,,,, ,,, ,,,,,,,,,,,,,,,0,0,0,0,0,0,0,0,0,0,0,0,0,0,0,0,0,0,, , , , , , ,0,0,0,0,0,0,, , ,0,,1
3.91395E+11,高知県,高知市,要,要手配,下司病院,0,2016/6/8 15:01,0,1,1,1,1,1,1,1,SICUの天井が崩落・集中治療管理は不可能．,2016/6/8 14:46,,,2016/6/8 14:48,1,1,0,0,,1,1,1,1,1,1,アドレナリン,1,1,0,10,20,10,20,10,10,5,5,5,5,0,5,10,5,5,5,5,1,9:00,12:00,13:00,14:00,16:00,17:00,20,5,50,5,30,10,電気使用不可,2016/6/8 15:01,2016/6/8 15:01,0,,1
3.92396E+11,高知県,高知市,未,未入力,こうせいこどもクリニック,0, ,0,,,,,,,,, ,,, ,,,,,,,,,,,,,,,0,0,0,0,0,0,0,0,0,0,0,0,0,0,0,0,0,0,, , , , , , ,0,0,0,0,0,0,, , ,0,,1
3.91393E+11,高知県,高知市,未,未入力,高知医療センター,0, ,0,,,,,,,,, ,,, ,,,,,,,,,,,,,,,0,0,0,0,0,0,0,0,0,0,0,0,0,0,0,0,0,0,, , , , , , ,0,0,0,0,0,0,, , ,1,,1
3.91395E+11,高知県,高知市,未,未入力,高知鏡川病院,0, ,0,,,,,,,,, ,,, ,,,,,,,,,,,,,,,0,0,0,0,0,0,0,0,0,0,0,0,0,0,0,0,0,0,, , , , , , ,0,0,0,0,0,0,, , ,0,,1
3.91395E+11,高知県,高知市,要,要手配,高知厚生病院,0,2016/6/8 15:07,0,1,1,1,1,1,1,1,ICU天井墜落,2016/6/8 14:47,,,2016/6/8 14:48,1,1,1,1,,1,2,3,1,2,2,,1,1,0,10,20,10,20,10,20,0,10,10,10,0,0,20,0,10,10,10,2,--：--,--：--,--：--,--：--,--：--,--：--,20,5,50,5,50,5,ICU天井崩壊,2016/6/8 14:51,2016/6/8 15:07,0,,1
3.91395E+11,高知県,高知市,未,未入力,高知城東病院,0, ,0,,,,,,,,, ,,, ,,,,,,,,,,,,,,,0,0,0,0,0,0,0,0,0,0,0,0,0,0,0,0,0,0,, , , , , , ,0,0,0,0,0,0,, , ,0,,1
3.91395E+11,高知県,高知市,要,要手配,高知整形・脳外科病院,0,2016/6/8 15:03,0,0,0,1,0,0,0,0,,2016/6/8 14:34,,,2016/6/8 15:02,,,,,,2,3,2,0,2,2,,1,1,0,2,0,2,0,2,0,2,2,2,0,0,0,2,0,2,0,0,2,--：--,--：--,--：--,--：--,--：--,--：--,5,0,17,0,21,0,,2016/6/8 15:01,2016/6/8 15:03,0,,1
3.91395E+11,高知県,高知市,-,-,高知赤十字病院,0,2016/6/8 15:09,0,0,0,0,0,0,0,0,,2016/6/8 15:07,,,2016/6/8 15:08,0,0,0,0,,3,4,3,,3,3,,0,0,453,3,15,13,200,0,0,0,0,0,0,0,10,50,0,0,0,0,,--：--,--：--,--：--,--：--,--：--,--：--,0,0,0,0,0,0,,2016/6/8 15:08,2016/6/8 15:09,0,,1
3.91395E+11,高知県,高知市,未,未入力,高知総合リハビリテーション病院,0, ,0,,,,,,,,, ,,, ,,,,,,,,,,,,,,,0,0,0,0,0,0,0,0,0,0,0,0,0,0,0,0,0,0,, , , , , , ,0,0,0,0,0,0,, , ,0,,1
3.91393E+11,高知県,高知市,要,要手配,高知高須病院,0,2016/6/8 14:58,0,1,1,1,1,1,1,1,,2016/6/8 14:46,,,2016/6/8 14:49,1,0,0,0,,1,1,1,1,2,2,,1,1,0,10,30,50,100,50,100,0,0,0,0,0,0,0,0,0,0,0,1,--：--,--：--,--：--,--：--,--：--,--：--,10,2,50,5,20,3,,2016/6/8 14:49,2016/6/8 14:58,0,,1
3.91395E+11,高知県,高知市,要,要手配,高知西病院,0,2016/6/8 15:11,0,0,1,0,0,1,1,1,,2016/6/8 14:46,,,2016/6/8 14:49,0,0,0,0,,3,4,3,,1,1,,0,0,0,3,6,8,15,0,0,0,0,0,0,0,2,10,0,0,0,0,2,--：--,--：--,--：--,--：--,--：--,--：--,10,2,120,2,250,2,,2016/6/8 15:11,2016/6/8 15:11,0,,1
3.91395E+11,高知県,高知市,要,要手配,高知脳神経外科病院,0,2016/6/8 15:08,0,0,0,0,0,0,1,1,,2016/6/8 14:40,,,2016/6/8 15:08,0,0,0,0,,3,4,3,0,3,3,,0,1,0,5,20,10,10,2,5,0,0,0,0,0,3,30,0,0,0,0,2,--：--,--：--,--：--,--：--,--：--,--：--,20,2,60,2,30,1,透析が必要な患者２人の転院搬送をお願いします,2016/6/8 14:46,2016/6/8 15:08,0,,1
3.91395E+11,高知県,高知市,未,未入力,高知ハーモニーホスピタル,0, ,0,,,,,,,,, ,,, ,,,,,,,,,,,,,,,0,0,0,0,0,0,0,0,0,0,0,0,0,0,0,0,0,0,, , , , , , ,0,0,0,0,0,0,, , ,0,,1
3.91395E+11,高知県,高知市,未,未入力,高知病院,0, ,0,,,,,,,,, ,,, ,,,,,,,,,,,,,,,0,0,0,0,0,0,0,0,0,0,0,0,0,0,0,0,0,0,, , , , , , ,0,0,0,0,0,0,, , ,0,,1
3.92393E+11,高知県,高知市,未,未入力,高知ファミリークリニック,0, ,0,,,,,,,,, ,,, ,,,,,,,,,,,,,,,0,0,0,0,0,0,0,0,0,0,0,0,0,0,0,0,0,0,, , , , , , ,0,0,0,0,0,0,, , ,0,,1
3.91395E+11,高知県,高知市,未,未入力,国立病院機構高知病院,0, ,0,,,,,,,,, ,,, ,,,,,,,,,,,,,,,0,0,0,0,0,0,0,0,0,0,0,0,0,0,0,0,0,0,, , , , , , ,0,0,0,0,0,0,, , ,0,,1
3.92393E+11,高知県,高知市,未,未入力,こどもクリニック　ケロちゃん,0, ,0,,,,,,,,, ,,, ,,,,,,,,,,,,,,,0,0,0,0,0,0,0,0,0,0,0,0,0,0,0,0,0,0,, , , , , , ,0,0,0,0,0,0,, , ,0,,1
11016035800,高知県,高知市,要,要手配,三愛病院,0,2016/6/8 15:09,0,0,0,0,0,1,1,1,,2016/6/8 14:45,,,2016/6/8 15:09,1,1,1,0,,3,4,3,0,3,2,,1,1,0,1,4,5,24,2,2,0,2,4,0,0,0,0,0,0,0,0,1,--：--,--：--,--：--,--：--,--：--,--：--,2,0,10,0,10,0,,2016/6/8 14:48,2016/6/8 14:57,0,,1
3.91395E+11,高知県,高知市,要,要手配,島本病院,0,2016/6/8 15:10,0,0,0,0,0,1,1,1,,2016/6/8 14:45,,,2016/6/8 15:09,0,0,0,0,,3,4,3,0,2,1,縫合セット不足、ガーゼ不足,1,1,0,10,20,15,30,3,3,1,5,6,0,0,0,0,0,0,0,0,1,--：--,--：--,--：--,--：--,--：--,--：--,1,0,10,0,10,0,道路状況は通常通行可能です。,2016/6/8 14:57,2016/6/8 15:10,0,,1
3.91395E+11,高知県,高知市,未,未入力,下村病院,0, ,0,,,,,,,,, ,,, ,,,,,,,,,,,,,,,0,0,0,0,0,0,0,0,0,0,0,0,0,0,0,0,0,0,, , , , , , ,0,0,0,0,0,0,, , ,0,,1
3.91395E+11,高知県,高知市,要,要手配,高知生協病院,0,2016/6/8 14:59,0,0,0,0,0,1,1,0,,2016/6/8 14:43,,,2016/6/8 14:46,0,0,0,0,,3,4,3,0,2,1,,0,0,0,3,17,5,27,2,0,1,2,2,0,0,2,10,0,0,0,10,2,--：--,--：--,--：--,--：--,--：--,--：--,0,0,0,0,0,0,,2016/6/8 14:47,2016/6/8 14:59,0,,1
3.914E+11,高知県,高知市,未,未入力,その他機関,0, ,0,,,,,,,,, ,,, ,,,,,,,,,,,,,,,0,0,0,0,0,0,0,0,0,0,0,0,0,0,0,0,0,0,, , , , , , ,0,0,0,0,0,0,, , ,0,,1
11011000700,高知県,高知市,未,未入力,高橋病院,0, ,0,,,,,,,,, ,,, ,,,,,,,,,,,,,,,0,0,0,0,0,0,0,0,0,0,0,0,0,0,0,0,0,0,, , , , , , ,0,0,0,0,0,0,, , ,0,,1
3.91395E+11,高知県,高知市,要,要手配,竹下病院,0,2016/6/8 15:11,0,0,0,0,0,0,1,1,,2016/6/8 14:45,,,2016/6/8 14:46,0,0,0,0,,3,4,3,0,3,3,,0,0,0,10,20,15,30,0,0,0,0,0,0,0,0,0,0,0,0,0,2,--：--,--：--,--：--,--：--,--：--,--：--,10,1,21,0,5,0,,2016/6/8 14:46,2016/6/8 15:11,0,,1
3.91395E+11,高知県,高知市,要,要手配,田中整形外科病院,0,2016/6/8 15:09,0,1,1,0,1,1,0,0,,2016/6/8 15:07,,,2016/6/8 15:07,1,1,1,1,,3,2,1,1,2,1,,1,1,0,1,2,0,0,0,0,0,0,0,0,0,0,0,0,0,0,0,1,--：--,--：--,--：--,--：--,--：--,--：--,2,0,4,0,4,0,,2016/6/8 15:09,2016/6/8 15:09,0,,1
3.61366E+11,高知県,高知市,未,未入力,谷病院,0, ,0,,,,,,,,, ,,, ,,,,,,,,,,,,,,,0,0,0,0,0,0,0,0,0,0,0,0,0,0,0,0,0,0,, , , , , , ,0,0,0,0,0,0,, , ,0,,1
3.92395E+11,高知県,高知市,未,未入力,玉木内科小児科,0, ,0,,,,,,,,, ,,, ,,,,,,,,,,,,,,,0,0,0,0,0,0,0,0,0,0,0,0,0,0,0,0,0,0,, , , , , , ,0,0,0,0,0,0,, , ,0,,1
3.92395E+11,高知県,高知市,未,未入力,田村産婦人科,0, ,0,,,,,,,,, ,,, ,,,,,,,,,,,,,,,0,0,0,0,0,0,0,0,0,0,0,0,0,0,0,0,0,0,, , , , , , ,0,0,0,0,0,0,, , ,0,,1
3.91395E+11,高知県,高知市,未,未入力,田村内科整形外科病院,0, ,0,,,,,,,,, ,,, ,,,,,,,,,,,,,,,0,0,0,0,0,0,0,0,0,0,0,0,0,0,0,0,0,0,, , , , , , ,0,0,0,0,0,0,, , ,0,,1
3.91395E+11,高知県,高知市,未,未入力,だいいちリハビリテーション病院,0, ,0,,,,,,,,, ,,, ,,,,,,,,,,,,,,,0,0,0,0,0,0,0,0,0,0,0,0,0,0,0,0,0,0,, , , , , , ,0,0,0,0,0,0,, , ,0,,1
3.91393E+11,高知県,高知市,未,未入力,近森オルソリハビリテーション病院,0, ,0,,,,,,,,, ,,, ,,,,,,,,,,,,,,,0,0,0,0,0,0,0,0,0,0,0,0,0,0,0,0,0,0,, , , , , , ,0,0,0,0,0,0,, , ,0,,1
3.91395E+11,高知県,高知市,未,支援中,近森病院,2, ,0,,,,,,,,, ,,, ,,,,,,,,,,,,,,,0,0,0,0,0,0,0,0,0,0,0,0,0,0,0,0,0,0,, , , , , , ,0,0,0,0,0,0,, , ,0,,1
3.91395E+11,高知県,高知市,未,未入力,近森リハビリテーション病院,0, ,0,,,,,,,,, ,,, ,,,,,,,,,,,,,,,0,0,0,0,0,0,0,0,0,0,0,0,0,0,0,0,0,0,, , , , , , ,0,0,0,0,0,0,, , ,0,,1
3.91395E+11,高知県,高知市,未,未入力,土佐田村病院,0, ,0,,,,,,,,, ,,, ,,,,,,,,,,,,,,,0,0,0,0,0,0,0,0,0,0,0,0,0,0,0,0,0,0,, , , , , , ,0,0,0,0,0,0,, , ,0,,1
3.91395E+11,高知県,高知市,要,要手配,土佐病院,0,2016/6/8 22:05,0,1,1,0,0,1,1,1,,2016/6/8 17:30,,,2016/6/8 22:02,0,1,0,0,,1,3,2,,2,2,,1,1,0,5,1,1,1,6,3,2,1,0,0,0,4,2,2,1,1,1,2,--：--,--：--,--：--,--：--,--：--,--：--,4,0,10,0,10,0,,2016/6/8 22:05,2016/6/8 22:05,0,,1
3.91395E+11,高知県,高知市,要,要手配,図南病院,0,2016/6/8 14:52,0,1,1,0,0,1,0,1,建物一部倒壊、電気は非常用電源を使用,2016/6/8 14:45,8031631334,,2016/6/8 14:47,1,1,0,0,入院病棟、救急外来に倒壊あり,2,2,3,0,2,2,,1,1,0,3,5,3,0,2,1,11,1,0,0,0,1,2,0,2,1,1,1,--：--,--：--,--：--,--：--,--：--,--：--,3,0,10,0,23,0,,2016/6/8 14:52,2016/6/8 14:52,0,,1
3.92395E+11,高知県,高知市,未,未入力,富田小児科,0, ,0,,,,,,,,, ,,, ,,,,,,,,,,,,,,,0,0,0,0,0,0,0,0,0,0,0,0,0,0,0,0,0,0,, , , , , , ,0,0,0,0,0,0,, , ,0,,1
3.91395E+11,高知県,高知市,要,要手配,中ノ橋病院,0,2016/6/8 15:08,0,1,0,0,0,1,1,0,,2016/6/8 14:44,,,2016/6/8 15:07,1,0,0,0,,,,,,,1,,,,0,10,10,20,20,30,0,10,10,0,10,0,0,10,0,0,0,0,,--：--,--：--,--：--,--：--,--：--,--：--,0,0,0,0,0,0,,2016/6/8 14:45,2016/6/8 15:08,0,,1
1.4114E+11,高知県,高知市,要,要手配,永井病院,0,2016/6/8 15:11,0,1,1,1,0,0,1,1,,2016/6/8 14:46,,,2016/6/8 14:49,1,1,0,0,,2,2,2,0,2,2,,1,1,0,1,5,2,5,1,0,1,0,2,5,0,0,5,2,5,5,5,,0:00,23:00,--：--,--：--,--：--,--：--,3,0,10,0,10,4,,2016/6/8 15:11,2016/6/8 15:11,0,,1
3.91395E+11,高知県,高知市,未,未入力,長浜病院,0, ,0,,,,,,,,, ,,, ,,,,,,,,,,,,,,,0,0,0,0,0,0,0,0,0,0,0,0,0,0,0,0,0,0,, , , , , , ,0,0,0,0,0,0,, , ,0,,1
3.92395E+11,高知県,高知市,未,未入力,春野うららかクリニック,0, ,0,,,,,,,,, ,,, ,,,,,,,,,,,,,,,0,0,0,0,0,0,0,0,0,0,0,0,0,0,0,0,0,0,, , , , , , ,0,0,0,0,0,0,, , ,0,,1
3.91395E+11,高知県,高知市,未,未入力,久病院,0, ,0,,,,,,,,, ,,, ,,,,,,,,,,,,,,,0,0,0,0,0,0,0,0,0,0,0,0,0,0,0,0,0,0,, , , , , , ,0,0,0,0,0,0,, , ,0,,1
3.91395E+11,高知県,高知市,未,未入力,平田病院,0, ,0,,,,,,,,, ,,, ,,,,,,,,,,,,,,,0,0,0,0,0,0,0,0,0,0,0,0,0,0,0,0,0,0,, , , , , , ,0,0,0,0,0,0,, , ,0,,1
3.92395E+11,高知県,高知市,未,未入力,福森循環器科小児科,0, ,0,,,,,,,,, ,,, ,,,,,,,,,,,,,,,0,0,0,0,0,0,0,0,0,0,0,0,0,0,0,0,0,0,, , , , , , ,0,0,0,0,0,0,, , ,0,,1
3.91395E+11,高知県,高知市,未,未入力,藤戸病院,0, ,0,,,,,,,,, ,,, ,,,,,,,,,,,,,,,0,0,0,0,0,0,0,0,0,0,0,0,0,0,0,0,0,0,, , , , , , ,0,0,0,0,0,0,, , ,0,,1
3.92393E+11,高知県,高知市,未,未入力,ふないキッズクリニック,0, ,0,,,,,,,,, ,,, ,,,,,,,,,,,,,,,0,0,0,0,0,0,0,0,0,0,0,0,0,0,0,0,0,0,, , , , , , ,0,0,0,0,0,0,, , ,0,,1
3.91395E+11,高知県,高知市,未,未入力,細木病院,0, ,0,,,,,,,,, ,,, ,,,,,,,,,,,,,,,0,0,0,0,0,0,0,0,0,0,0,0,0,0,0,0,0,0,, , , , , , ,0,0,0,0,0,0,, , ,0,,1
3.91395E+11,高知県,高知市,要,要手配,細木ユニティ病院,0,2016/6/8 14:46,0,1,1,1,1,1,1,1,,2016/6/8 14:43,,,2016/6/8 14:46,,設定しない,設定しない,設定しない,設定しない,設定しない,設定しない,設定しない,設定しない,設定しない,設定しない,設定しない,設定しない,設定しない,設定しない,設定しない,設定しない,設定しない,設定しない,設定しない,設定しない,設定しない,設定しない,設定しない,設定しない,設定しない,設定しない,設定しない,設定しない,設定しない,設定しない,設定しない,設定しない, , , , , , ,設定しない,設定しない,設定しない,設定しない,設定しない,設定しない,, , ,設定しない,,1
1.32097E+11,高知県,高知市,未,未入力,町田病院,0, ,0,,,,,,,,, ,,, ,,,,,,,,,,,,,,,0,0,0,0,0,0,0,0,0,0,0,0,0,0,0,0,0,0,, , , , , , ,0,0,0,0,0,0,, , ,0,,1
3.92393E+11,高知県,高知市,未,未入力,まなべ小児科,0, ,0,,,,,,,,, ,,, ,,,,,,,,,,,,,,,0,0,0,0,0,0,0,0,0,0,0,0,0,0,0,0,0,0,, , , , , , ,0,0,0,0,0,0,, , ,0,,1
3.91395E+11,高知県,高知市,未,未入力,マリン病院,0, ,0,,,,,,,,, ,,, ,,,,,,,,,,,,,,,0,0,0,0,0,0,0,0,0,0,0,0,0,0,0,0,0,0,, , , , , , ,0,0,0,0,0,0,, , ,0,,1
3.91395E+11,高知県,高知市,未,未入力,南病院,0, ,0,,,,,,,,, ,,, ,,,,,,,,,,,,,,,0,0,0,0,0,0,0,0,0,0,0,0,0,0,0,0,0,0,, , , , , , ,0,0,0,0,0,0,, , ,0,,1
3.91395E+11,高知県,高知市,未,未入力,見元回生病院,0, ,0,,,,,,,,, ,,, ,,,,,,,,,,,,,,,0,0,0,0,0,0,0,0,0,0,0,0,0,0,0,0,0,0,, , , , , , ,0,0,0,0,0,0,, , ,0,,1
3.92395E+11,高知県,高知市,未,未入力,村上外科胃腸科,0, ,0,,,,,,,,, ,,, ,,,,,,,,,,,,,,,0,0,0,0,0,0,0,0,0,0,0,0,0,0,0,0,0,0,, , , , , , ,0,0,0,0,0,0,, , ,0,,1
3.91393E+11,高知県,高知市,未,未入力,もみのき病院,0, ,0,,,,,,,,, ,,, ,,,,,,,,,,,,,,,0,0,0,0,0,0,0,0,0,0,0,0,0,0,0,0,0,0,, , , , , , ,0,0,0,0,0,0,, , ,0,,1
3.92395E+11,高知県,高知市,未,未入力,矢野小児科,0, ,0,,,,,,,,, ,,, ,,,,,,,,,,,,,,,0,0,0,0,0,0,0,0,0,0,0,0,0,0,0,0,0,0,, , , , , , ,0,0,0,0,0,0,, , ,0,,1
3.91395E+11,高知県,高知市,未,未入力,山村病院,0, ,0,,,,,,,,, ,,, ,,,,,,,,,,,,,,,0,0,0,0,0,0,0,0,0,0,0,0,0,0,0,0,0,0,, , , , , , ,0,0,0,0,0,0,, , ,0,,1
3.91395E+11,高知県,高知市,未,未入力,横浜病院,0, ,0,,,,,,,,, ,,, ,,,,,,,,,,,,,,,0,0,0,0,0,0,0,0,0,0,0,0,0,0,0,0,0,0,, , , , , , ,0,0,0,0,0,0,, , ,0,,1
3.92393E+11,高知県,高知市,未,未入力,依光内科クリニック,0, ,0,,,,,,,,, ,,, ,,,,,,,,,,,,,,,0,0,0,0,0,0,0,0,0,0,0,0,0,0,0,0,0,0,, , , , , , ,0,0,0,0,0,0,, , ,0,,1
3.91396E+11,高知県,高知市,未,未入力,リハビリテーション病院すこやかな杜,0, ,0,,,,,,,,, ,,, ,,,,,,,,,,,,,,,0,0,0,0,0,0,0,0,0,0,0,0,0,0,0,0,0,0,, , , , , , ,0,0,0,0,0,0,, , ,0,,1
3.91395E+11,高知県,安芸,未,未入力,あき総合病院,0, ,0,,,,,,,,, ,,, ,,,,,,,,,,,,,,,0,0,0,0,0,0,0,0,0,0,0,0,0,0,0,0,0,0,, , , , , , ,0,0,0,0,0,0,, , ,0,,1
3.92396E+11,高知県,安芸,未,未入力,いちごクリニック,0, ,0,,,,,,,,, ,,, ,,,,,,,,,,,,,,,0,0,0,0,0,0,0,0,0,0,0,0,0,0,0,0,0,0,, , , , , , ,0,0,0,0,0,0,, , ,0,,1
3.92395E+11,高知県,安芸,未,未入力,宇都宮内科,0, ,0,,,,,,,,, ,,, ,,,,,,,,,,,,,,,0,0,0,0,0,0,0,0,0,0,0,0,0,0,0,0,0,0,, , , , , , ,0,0,0,0,0,0,, , ,0,,1
3.91395E+11,高知県,安芸,要,要手配,芸西病院,0,2016/6/8 15:09,0,1,0,1,1,1,0,0,,2016/6/8 14:51,,,2016/6/8 15:05,1,1,1,1,,3,2,2,,1,1,,1,1,0,0,0,5,10,5,0,0,3,0,0,0,0,0,0,0,0,0,1,--：--,--：--,--：--,--：--,--：--,--：--,8,3,20,5,20,5,,2016/6/8 14:52,2016/6/8 15:09,0,,1
3.92395E+11,高知県,安芸,未,未入力,高知高須病院附属安芸診療所,0, ,0,,,,,,,,, ,,, ,,,,,,,,,,,,,,,0,0,0,0,0,0,0,0,0,0,0,0,0,0,0,0,0,0,, , , , , , ,0,0,0,0,0,0,, , ,0,,1
3.92393E+11,高知県,安芸,未,未入力,高知高須病院室戸クリニック,0, ,0,,,,,,,,, ,,, ,,,,,,,,,,,,,,,0,0,0,0,0,0,0,0,0,0,0,0,0,0,0,0,0,0,, , , , , , ,0,0,0,0,0,0,, , ,0,,1
3.91395E+11,高知県,安芸,要,要手配,田野病院,0,2016/6/8 15:11,0,0,0,0,0,0,1,1,,2016/6/8 14:46,77777777,,2016/6/8 15:09,0,0,0,0,,3,4,3,0,2,3,,,0,0,5,20,5,50,2,0,2,0,2,0,0,3,20,2,10,3,20,2,--：--,--：--,--：--,--：--,--：--,--：--,15,0,100,0,30,0,,2016/6/8 14:48,2016/6/8 15:11,0,,1
3.92396E+11,高知県,安芸,未,未入力,野根診療所,0, ,0,,,,,,,,, ,,, ,,,,,,,,,,,,,,,0,0,0,0,0,0,0,0,0,0,0,0,0,0,0,0,0,0,, , , , , , ,0,0,0,0,0,0,, , ,0,,1
3.91396E+11,高知県,安芸,未,未入力,室戸中央病院,0, ,0,,,,,,,,, ,,, ,,,,,,,,,,,,,,,0,0,0,0,0,0,0,0,0,0,0,0,0,0,0,0,0,0,, , , , , , ,0,0,0,0,0,0,, , ,0,,1
3.91396E+11,高知県,安芸,要,要手配,室戸病院,0,2016/6/8 15:11,0,0,1,1,0,1,1,1,,2016/6/8 14:46,,,2016/6/8 14:49,1,1,1,1,,1,1,1,0,1,1,,1,1,0,0,0,10,30,10,30,0,0,0,0,0,0,0,0,0,0,0,1,0:00,23:59,--：--,--：--,--：--,--：--,10,2,20,5,10,3,,2016/6/8 15:11,2016/6/8 15:11,0,,1
3.92396E+11,高知県,安芸,未,未入力,むろとぴあ医院,0, ,0,,,,,,,,, ,,, ,,,,,,,,,,,,,,,0,0,0,0,0,0,0,0,0,0,0,0,0,0,0,0,0,0,, , , , , , ,0,0,0,0,0,0,, , ,0,,1
3.91395E+11,高知県,安芸,要,要手配,森澤病院,0,2016/6/8 14:49,0,0,0,1,0,1,0,0,点滴が不足しています,2016/6/8 14:47,111111,,2016/6/8 14:49,,設定しない,設定しない,設定しない,設定しない,設定しない,設定しない,設定しない,設定しない,設定しない,設定しない,設定しない,設定しない,設定しない,設定しない,設定しない,設定しない,設定しない,設定しない,設定しない,設定しない,設定しない,設定しない,設定しない,設定しない,設定しない,設定しない,設定しない,設定しない,設定しない,設定しない,設定しない,設定しない, , , , , , ,設定しない,設定しない,設定しない,設定しない,設定しない,設定しない,, , ,設定しない,,1
3.91396E+11,高知県,安芸,未,未入力,やまもと病院,0, ,0,,,,,,,,, ,,, ,,,,,,,,,,,,,,,0,0,0,0,0,0,0,0,0,0,0,0,0,0,0,0,0,0,, , , , , , ,0,0,0,0,0,0,, , ,0,,1
3.92396E+11,高知県,中央東,未,未入力,赤岡医院,0, ,0,,,,,,,,, ,,, ,,,,,,,,,,,,,,,0,0,0,0,0,0,0,0,0,0,0,0,0,0,0,0,0,0,, , , , , , ,0,0,0,0,0,0,, , ,0,,1
3.92396E+11,高知県,中央東,未,未入力,あけぼの小児クリニック,0, ,0,,,,,,,,, ,,, ,,,,,,,,,,,,,,,0,0,0,0,0,0,0,0,0,0,0,0,0,0,0,0,0,0,, , , , , , ,0,0,0,0,0,0,, , ,0,,1
3.92395E+11,高知県,中央東,未,未入力,いちはら内科小児科,0, ,0,,,,,,,,, ,,, ,,,,,,,,,,,,,,,0,0,0,0,0,0,0,0,0,0,0,0,0,0,0,0,0,0,, , , , , , ,0,0,0,0,0,0,, , ,0,,1
3.92396E+11,高知県,中央東,未,未入力,岩河整形外科,0, ,0,,,,,,,,, ,,, ,,,,,,,,,,,,,,,0,0,0,0,0,0,0,0,0,0,0,0,0,0,0,0,0,0,, , , , , , ,0,0,0,0,0,0,, , ,0,,1
3.91396E+11,高知県,中央東,要,要手配,大杉中央病院,0,2016/6/8 15:11,0,1,0,1,1,0,1,1,,2016/6/8 14:50,,,2016/6/8 14:51,1,0,0,0,,3,3,2,,3,3,,1,1,0,13,10,15,70,13,50,10,30,65,0,0,0,5,0,5,2,3,1,--：--,--：--,--：--,--：--,--：--,--：--,10,1,50,2,50,2,,2016/6/8 14:51,2016/6/8 15:11,0,,1
3.91395E+11,高知県,中央東,未,未入力,岡豊病院,0, ,0,,,,,,,,, ,,, ,,,,,,,,,,,,,,,0,0,0,0,0,0,0,0,0,0,0,0,0,0,0,0,0,0,, , , , , , ,0,0,0,0,0,0,, , ,0,,1
3.92396E+11,高知県,中央東,未,未入力,おひさま　こどもクリニック,0, ,0,,,,,,,,, ,,, ,,,,,,,,,,,,,,,0,0,0,0,0,0,0,0,0,0,0,0,0,0,0,0,0,0,, , , , , , ,0,0,0,0,0,0,, , ,0,,1
3.92396E+11,高知県,中央東,未,未入力,かがみ診療所,0, ,0,,,,,,,,, ,,, ,,,,,,,,,,,,,,,0,0,0,0,0,0,0,0,0,0,0,0,0,0,0,0,0,0,, , , , , , ,0,0,0,0,0,0,, , ,0,,1
3.91396E+11,高知県,中央東,未,未入力,香長中央病院,0, ,0,,,,,,,,, ,,, ,,,,,,,,,,,,,,,0,0,0,0,0,0,0,0,0,0,0,0,0,0,0,0,0,0,, , , , , , ,0,0,0,0,0,0,, , ,0,,1
3.91396E+11,高知県,中央東,要,要手配,香北病院,0,2016/6/8 15:08,0,1,1,1,1,1,1,1,,2016/6/8 14:50,,,2016/6/8 15:08,,設定しない,設定しない,設定しない,設定しない,設定しない,設定しない,設定しない,設定しない,設定しない,設定しない,設定しない,設定しない,設定しない,設定しない,設定しない,設定しない,設定しない,設定しない,設定しない,設定しない,設定しない,設定しない,設定しない,設定しない,設定しない,設定しない,設定しない,設定しない,設定しない,設定しない,設定しない,設定しない, , , , , , ,設定しない,設定しない,設定しない,設定しない,設定しない,設定しない,, , ,設定しない,,1
1.7117E+11,高知県,中央東,未,未入力,北村病院,0, ,0,,,,,,,,, ,,, ,,,,,,,,,,,,,,,0,0,0,0,0,0,0,0,0,0,0,0,0,0,0,0,0,0,, , , , , , ,0,0,0,0,0,0,, , ,0,,1
3.91395E+11,高知県,中央東,未,未入力,高知大学医学部附属病院,0, ,0,,,,,,,,, ,,, ,,,,,,,,,,,,,,,0,0,0,0,0,0,0,0,0,0,0,0,0,0,0,0,0,0,, , , , , , ,0,0,0,0,0,0,, , ,0,,1
3.91396E+11,高知県,中央東,要,要手配,早明浦病院,0,2016/6/9 7:50,0,1,1,1,1,1,1,1,,2016/6/8 14:44,,,2016/6/9 7:50,1,0,1,0,,2,2,3,1,2,2,,1,1,0,5,10,10,25,10,25,1,12,11,10,0,0,0,0,0,0,0,,--：--,--：--,--：--,--：--,--：--,--：--,0,0,0,0,0,0,,2016/6/8 15:23,2016/6/8 15:25,0,,1
3.91396E+11,高知県,中央東,未,未入力,ＪＡ高知病院,0, ,0,,,,,,,,, ,,, ,,,,,,,,,,,,,,,0,0,0,0,0,0,0,0,0,0,0,0,0,0,0,0,0,0,, , , , , , ,0,0,0,0,0,0,, , ,0,,1
3.4234E+11,高知県,中央東,未,未入力,高橋医院,0, ,0,,,,,,,,, ,,, ,,,,,,,,,,,,,,,0,0,0,0,0,0,0,0,0,0,0,0,0,0,0,0,0,0,, , , , , , ,0,0,0,0,0,0,, , ,0,,1
3.92395E+11,高知県,中央東,未,未入力,田村こどもクリニック,0, ,0,,,,,,,,, ,,, ,,,,,,,,,,,,,,,0,0,0,0,0,0,0,0,0,0,0,0,0,0,0,0,0,0,, , , , , , ,0,0,0,0,0,0,, , ,0,,1
3.92396E+11,高知県,中央東,未,未入力,寺田内科,0, ,0,,,,,,,,, ,,, ,,,,,,,,,,,,,,,0,0,0,0,0,0,0,0,0,0,0,0,0,0,0,0,0,0,, , , , , , ,0,0,0,0,0,0,, , ,0,,1
3.91395E+11,高知県,中央東,未,未入力,土佐希望の家,0, ,0,,,,,,,,, ,,, ,,,,,,,,,,,,,,,0,0,0,0,0,0,0,0,0,0,0,0,0,0,0,0,0,0,, , , , , , ,0,0,0,0,0,0,, , ,0,,1
3.91396E+11,高知県,中央東,要,要手配,同仁病院,0,2016/6/8 15:09,0,1,1,1,0,0,1,1,,2016/6/8 14:45,,,2016/6/8 15:07,1,1,1,1,,1,1,3,,2,2,,1,1,0,4,15,8,30,8,30,2,2,2,32,0,0,0,0,0,0,0,1,--：--,--：--,--：--,--：--,--：--,--：--,0,0,0,0,0,0,,2016/6/8 14:46,2016/6/8 15:09,0,,1
3.91395E+11,高知県,中央東,未,未入力,南国病院,0, ,0,,,,,,,,, ,,, ,,,,,,,,,,,,,,,0,0,0,0,0,0,0,0,0,0,0,0,0,0,0,0,0,0,, , , , , , ,0,0,0,0,0,0,, , ,0,,1
3.91395E+11,高知県,中央東,要,要手配,南国厚生病院,0,2016/6/8 15:10,0,0,1,0,1,0,0,0,大量の患者が来院中。医師・看護師の不足あり。,2016/6/8 15:00,,,2016/6/8 15:07,0,0,0,0,,2,4,2,0,2,3,,1,1,0,1,5,4,8,1,3,1,2,2,0,0,0,0,0,0,0,0,1,--：--,--：--,--：--,--：--,--：--,--：--,10,1,50,2,50,1,道路の破壊はなく、車両での来院は可能です。,2016/6/8 15:10,2016/6/8 15:10,0,,1
3.91395E+11,高知県,中央東,要,要手配,南国中央病院,0,2016/6/8 15:11,0,0,0,0,0,1,0,1,,2016/6/8 14:45,,,2016/6/8 14:47,0,0,0,0,,3,2,2,0,2,2,,1,1,0,3,15,5,108,2,10,1,6,10,2,0,0,0,0,0,0,0,1,14:00,17:00,--：--,--：--,--：--,--：--,30,0,100,0,40,0,,2016/6/8 15:10,2016/6/8 15:11,0,,1
3.91396E+11,高知県,中央東,未,未入力,野市中央病院,0, ,0,,,,,,,,, ,,, ,,,,,,,,,,,,,,,0,0,0,0,0,0,0,0,0,0,0,0,0,0,0,0,0,0,, , , , , , ,0,0,0,0,0,0,, , ,0,,1
3.91395E+11,高知県,中央東,未,未入力,藤原病院,0, ,0,,,,,,,,, ,,, ,,,,,,,,,,,,,,,0,0,0,0,0,0,0,0,0,0,0,0,0,0,0,0,0,0,, , , , , , ,0,0,0,0,0,0,, , ,0,,1
3.92396E+11,高知県,中央東,未,未入力,前田メディカルクリニック,0, ,0,,,,,,,,, ,,, ,,,,,,,,,,,,,,,0,0,0,0,0,0,0,0,0,0,0,0,0,0,0,0,0,0,, , , , , , ,0,0,0,0,0,0,, , ,0,,1
3.91396E+11,高知県,中央東,未,未入力,間崎病院,0, ,0,,,,,,,,, ,,, ,,,,,,,,,,,,,,,0,0,0,0,0,0,0,0,0,0,0,0,0,0,0,0,0,0,, , , , , , ,0,0,0,0,0,0,, , ,0,,1
3.91396E+11,高知県,中央東,未,未入力,三谷病院,0, ,0,,,,,,,,, ,,, ,,,,,,,,,,,,,,,0,0,0,0,0,0,0,0,0,0,0,0,0,0,0,0,0,0,, , , , , , ,0,0,0,0,0,0,, , ,0,,1
3.91396E+11,高知県,中央東,未,未入力,本山町立国保嶺北中央病院,0, ,0,,,,,,,,, ,,, ,,,,,,,,,,,,,,,0,0,0,0,0,0,0,0,0,0,0,0,0,0,0,0,0,0,, , , , , , ,0,0,0,0,0,0,, , ,0,,1
3.92395E+11,高知県,中央東,未,未入力,吉本皮膚科,0, ,0,,,,,,,,, ,,, ,,,,,,,,,,,,,,,0,0,0,0,0,0,0,0,0,0,0,0,0,0,0,0,0,0,, , , , , , ,0,0,0,0,0,0,, , ,0,,1
3.91396E+11,高知県,中央西,要,要手配,安部病院,0,2016/6/8 15:10,0,0,1,0,0,0,0,1,,2016/6/8 14:45,,,2016/6/8 15:09,0,0,0,0,,2,4,3,,3,3,,0,0,0,15,50,15,30,0,0,0,0,0,0,0,0,0,0,0,0,0,1,--：--,--：--,--：--,--：--,--：--,--：--,10,2,30,5,40,2,,2016/6/8 15:08,2016/6/8 15:10,0,,1
3.91395E+11,高知県,中央西,未,未入力,石川記念病院,0, ,0,,,,,,,,, ,,, ,,,,,,,,,,,,,,,0,0,0,0,0,0,0,0,0,0,0,0,0,0,0,0,0,0,, , , , , , ,0,0,0,0,0,0,, , ,0,,1
1.0002E+11,高知県,中央西,未,支援中,井上病院,3, ,0,,,,,,,,, ,,, ,,,,,,,,,,,,,,,0,0,0,0,0,0,0,0,0,0,0,0,0,0,0,0,0,0,, , , , , , ,0,0,0,0,0,0,, , ,0,,1
3.92396E+11,高知県,中央西,未,未入力,いの町立国民健康保険長沢診療所,0, ,0,,,,,,,,, ,,, ,,,,,,,,,,,,,,,0,0,0,0,0,0,0,0,0,0,0,0,0,0,0,0,0,0,, , , , , , ,0,0,0,0,0,0,, , ,0,,1
3.91395E+11,高知県,中央西,要,支援中,いの病院,5,2016/6/8 15:11,0,0,1,0,0,0,1,1,,2016/6/8 14:45,,,2016/6/8 15:09,0,0,0,0,,1,2,1,,1,1,,1,1,0,10,20,20,50,3,0,0,0,0,0,0,0,0,0,0,0,0,1,--：--,--：--,--：--,--：--,--：--,--：--,10,1,30,2,40,2,輸液が足りない。,2016/6/8 14:47,2016/6/8 15:11,0,,1
3.91396E+11,高知県,中央西,要,要手配,北島病院,0,2016/6/8 15:10,0,0,1,1,1,0,1,1,,2016/6/8 14:50,,,2016/6/8 14:52,1,1,1,1,,1,1,1,0,1,1,,1,1,0,0,0,3,5,3,5,3,3,10,5,0,0,0,0,0,0,0,,--：--,--：--,--：--,--：--,--：--,--：--,10,2,45,4,40,4,,2016/6/8 15:10,2016/6/8 15:10,0,,1
3.92396E+11,高知県,中央西,未,未入力,国保大崎診療所,0, ,0,,,,,,,,, ,,, ,,,,,,,,,,,,,,,0,0,0,0,0,0,0,0,0,0,0,0,0,0,0,0,0,0,, , , , , , ,0,0,0,0,0,0,, , ,0,,1
3.91396E+11,高知県,中央西,未,未入力,佐川町立高北国民健康保険病院,0, ,0,,,,,,,,, ,,, ,,,,,,,,,,,,,,,0,0,0,0,0,0,0,0,0,0,0,0,0,0,0,0,0,0,, , , , , , ,0,0,0,0,0,0,, , ,0,,1
20210000060,高知県,中央西,未,手配済,さくら病院,1, ,0,,,,,,,,, ,,, ,,,,,,,,,,,,,,,0,0,0,0,0,0,0,0,0,0,0,0,0,0,0,0,0,0,, , , , , , ,0,0,0,0,0,0,, , ,0,,1
3.91395E+11,高知県,中央西,未,未入力,白菊園病院,0, ,0,,,,,,,,, ,,, ,,,,,,,,,,,,,,,0,0,0,0,0,0,0,0,0,0,0,0,0,0,0,0,0,0,, , , , , , ,0,0,0,0,0,0,, , ,0,,1
51050500100,高知県,中央西,要,要手配,清和病院,0,2016/6/8 15:12,0,0,0,0,0,1,1,1,,2016/6/8 14:45,9079515897,,2016/6/8 15:11,0,0,0,0,,2,4,3,,2,2,,0,1,0,10,100,10,100,10,50,2,30,30,45,0,0,0,0,0,0,0,2,--：--,--：--,--：--,--：--,--：--,--：--,10,2,50,4,100,2,,2016/6/8 15:12,2016/6/8 15:12,0,,1
3.91395E+11,高知県,中央西,未,未入力,土佐市民病院,0, ,0,,,,,,,,, ,,, ,,,,,,,,,,,,,,,0,0,0,0,0,0,0,0,0,0,0,0,0,0,0,0,0,0,, , , , , , ,0,0,0,0,0,0,, , ,0,,1
1.4114E+11,高知県,中央西,未,未入力,西村整形外科,0, ,0,,,,,,,,, ,,, ,,,,,,,,,,,,,,,0,0,0,0,0,0,0,0,0,0,0,0,0,0,0,0,0,0,, , , , , , ,0,0,0,0,0,0,, , ,0,,1
3.91395E+11,高知県,中央西,要,要手配,仁淀病院,0,2016/6/8 15:07,56,0,1,1,0,0,1,1,,2016/6/8 14:45,,,2016/6/8 15:07,0,0,0,0,,2,2,3,0,2,2,,1,1,100,10,5,20,10,10,5,2,3,5,5,0,0,0,0,0,0,0,1,--：--,--：--,--：--,--：--,--：--,--：--,5,2,30,3,40,2,,2016/6/8 14:56,2016/6/8 14:59,0,,1
81080000091,高知県,中央西,未,未入力,前田病院,0, ,0,,,,,,,,, ,,, ,,,,,,,,,,,,,,,0,0,0,0,0,0,0,0,0,0,0,0,0,0,0,0,0,0,, , , , , , ,0,0,0,0,0,0,, , ,0,,1
3.91395E+11,高知県,中央西,未,未入力,森木病院,0, ,0,,,,,,,,, ,,, ,,,,,,,,,,,,,,,0,0,0,0,0,0,0,0,0,0,0,0,0,0,0,0,0,0,, , , , , , ,0,0,0,0,0,0,, , ,0,,1
#N/A,高知県,中央西,未,未入力,山ｱ外科整形外科病院,0, ,0,,,,,,,,, ,,, ,,,,,,,,,,,,,,,0,0,0,0,0,0,0,0,0,0,0,0,0,0,0,0,0,0,, , , , , , ,0,0,0,0,0,0,, , ,0,,1
#N/A,高知県,中央西,未,未入力,山ｱ病院,0, ,0,,,,,,,,, ,,, ,,,,,,,,,,,,,,,0,0,0,0,0,0,0,0,0,0,0,0,0,0,0,0,0,0,, , , , , , ,0,0,0,0,0,0,, , ,0,,1
3.91395E+11,高知県,高幡,未,未入力,一陽病院,0, ,0,,,,,,,,, ,,, ,,,,,,,,,,,,,,,0,0,0,0,0,0,0,0,0,0,0,0,0,0,0,0,0,0,, , , , , , ,0,0,0,0,0,0,, , ,0,,1
11013000700,高知県,高幡,要,要手配,大西病院,0,2016/6/9 1:00,0,1,1,1,1,1,1,1,,2016/6/8 14:45,90000000,,2016/6/9 1:00,1,0,0,0,,1,1,1,,1,1,,1,1,0,1,2,2,4,2,4,2,2,4,2,0,0,0,0,0,0,0,1,--：--,--：--,--：--,--：--,--：--,--：--,1,0,10,0,3,0,,2016/6/9 0:57,2016/6/9 0:57,0,,1
3.92396E+11,高知県,高幡,未,未入力,北川眼科,0, ,0,,,,,,,,, ,,, ,,,,,,,,,,,,,,,0,0,0,0,0,0,0,0,0,0,0,0,0,0,0,0,0,0,, , , , , , ,0,0,0,0,0,0,, , ,0,,1
3.91396E+11,高知県,高幡,要,要手配,くぼかわ病院,0,2016/6/8 14:46,0,1,0,0,1,1,1,1,,2016/6/8 14:45,9022223333,,2016/6/8 14:46,,設定しない,設定しない,設定しない,設定しない,設定しない,設定しない,設定しない,設定しない,設定しない,設定しない,設定しない,設定しない,設定しない,設定しない,設定しない,設定しない,設定しない,設定しない,設定しない,設定しない,設定しない,設定しない,設定しない,設定しない,設定しない,設定しない,設定しない,設定しない,設定しない,設定しない,設定しない,設定しない, , , , , , ,設定しない,設定しない,設定しない,設定しない,設定しない,設定しない,, , ,設定しない,,1
3.91395E+11,高知県,高幡,要,要手配,高陵病院,0,2016/6/8 15:08,0,0,0,0,0,1,1,0,,2016/6/8 14:43,0,,2016/6/8 15:07,0,0,0,0,,3,4,3,0,2,1,,0,0,0,10,20,5,40,5,2,2,3,6,1,0,5,20,0,2,3,2,2,--：--,--：--,--：--,--：--,--：--,--：--,20,2,150,4,50,2,,2016/6/8 14:53,2016/6/8 15:08,0,,1
3.92395E+11,高知県,高幡,未,未入力,国保杉ノ川診療所,0, ,0,,,,,,,,, ,,, ,,,,,,,,,,,,,,,0,0,0,0,0,0,0,0,0,0,0,0,0,0,0,0,0,0,, , , , , , ,0,0,0,0,0,0,, , ,0,,1
3.91395E+11,高知県,高幡,要,要手配,国保梼原病院,0,2016/6/8 22:51,0,0,0,0,1,0,0,0,マッチョ君,2016/6/8 14:34,,,2016/6/8 22:51,0,1,1,1,アチョー,3,3,2,0,2,1,,1,0,0,3,5,10,5,5,1,2,6,5,1,0,1,2,0,1,3,3,2,--：--,--：--,--：--,--：--,--：--,--：--,25,1,50,0,50,1,,2016/6/8 14:57,2016/6/8 22:46,0,,1
3.92396E+11,高知県,高幡,未,未入力,四万十町十和診療所,0, ,0,,,,,,,,, ,,, ,,,,,,,,,,,,,,,0,0,0,0,0,0,0,0,0,0,0,0,0,0,0,0,0,0,, , , , , , ,0,0,0,0,0,0,, , ,0,,1
3.91395E+11,高知県,高幡,未,支援中,須崎くろしお病院,5, ,0,,,,,,,,, ,,, ,,,,,,,,,,,,,,,0,0,0,0,0,0,0,0,0,0,0,0,0,0,0,0,0,0,, , , , , , ,0,0,0,0,0,0,, , ,0,,1
3.92396E+11,高知県,高幡,未,未入力,大正診療所,0, ,0,,,,,,,,, ,,, ,,,,,,,,,,,,,,,0,0,0,0,0,0,0,0,0,0,0,0,0,0,0,0,0,0,, , , , , , ,0,0,0,0,0,0,, , ,0,,1
3.91395E+11,高知県,高幡,要,要手配,なかとさ病院,0,2016/6/8 15:09,0,0,0,0,0,0,0,0,被害なし,2016/6/8 14:44,,,2016/6/8 15:09,1,,,,,2,4,3,,3,2,,,,0,1,10,3,15,3,15,1,2,11,4,0,0,0,0,0,0,0,,--：--,--：--,--：--,--：--,--：--,--：--,0,0,0,0,0,0,,2016/6/8 14:46,2016/6/8 14:57,0,,1
3.91395E+11,高知県,高幡,未,未入力,ネオリゾートちひろ病院,0, ,0,,,,,,,,, ,,, ,,,,,,,,,,,,,,,0,0,0,0,0,0,0,0,0,0,0,0,0,0,0,0,0,0,, , , , , , ,0,0,0,0,0,0,, , ,0,,1
3.92395E+11,高知県,高幡,未,未入力,もりはた小児科,0, ,0,,,,,,,,, ,,, ,,,,,,,,,,,,,,,0,0,0,0,0,0,0,0,0,0,0,0,0,0,0,0,0,0,, , , , , , ,0,0,0,0,0,0,, , ,0,,1
3.91396E+11,高知県,幡多,要,要手配,足摺病院,0,2016/6/8 14:59,0,0,0,1,0,0,0,0,Ｍ：大きな災害なし Ｅ：南棟の一部倒壊していることもあるますが、建物は問題なし。Ｔ：火災なし。電気は問題ないですが水道が破壊 Ｈ：現在は問題なし Ａ：南玄関から入れます。南玄関は使用できません。 Ｎ：入院患者25名問題なく、外来患者６０名トリアージし赤2名黄色10名緑48名 Ｅ：透析患者1名搬送依頼、ＤＭＡＴ2隊追加応援依頼お願いします。,2016/6/8 14:43,9021069790,bobnaomi75@gmail.com,2016/6/8 14:55,1,1,1,1,,3,1,3,,3,3,,0,1,0,2,10,2,10,2,10,0,0,0,0,0,0,0,0,0,0,0,1,--：--,--：--,--：--,--：--,--：--,--：--,2,0,15,0,2,0,,2016/6/8 14:55,2016/6/8 14:59,0,,1
3.91396E+11,高知県,幡多,要,要手配,渭南病院,0,2016/6/8 15:09,0,0,0,1,0,1,1,1,,2016/6/8 14:46,12345678,,2016/6/8 14:48,0,0,0,1,,3,2,2,0,2,1,薬が足りなくなってます。,1,1,0,100,200,200,200,40,0,10,40,30,20,0,0,50,0,10,20,30,2,--：--,--：--,--：--,--：--,--：--,--：--,5,3,10,5,10,0,,2016/6/8 15:09,2016/6/8 15:09,0,,1
3.91395E+11,高知県,幡多,要,要手配,大井田病院,1,2016/6/8 15:08,0,0,0,1,0,0,0,0,,2016/6/8 14:52,,,2016/6/8 14:52,0,0,0,0,,3,1,3,1,3,3,,1,1,0,5,3,10,8,5,0,2,0,0,0,0,0,5,1,0,0,0,3,1:00,23:00,--：--,--：--,--：--,--：--,20,1,50,2,50,2,,2016/6/8 15:08,2016/6/8 15:08,1,,1
3.92395E+11,高知県,幡多,未,未入力,大方クリニック,0, ,0,,,,,,,,, ,,, ,,,,,,,,,,,,,,,0,0,0,0,0,0,0,0,0,0,0,0,0,0,0,0,0,0,, , , , , , ,0,0,0,0,0,0,, , ,0,,1
3.91395E+11,高知県,幡多,要,要手配,木俵病院,0,2016/6/8 15:08,0,1,1,1,1,1,1,1,,2016/6/8 14:45,,,2016/6/8 14:46,1,1,1,1,,1,1,1,1,2,2,,1,1,0,10,40,25,30,35,70,0,0,0,0,0,0,0,10,30,0,0,1,--：--,--：--,--：--,--：--,--：--,--：--,10,2,50,4,80,4,,2016/6/8 14:46,2016/6/8 15:08,0,,1
3.92395E+11,高知県,幡多,未,未入力,こいけクリニック,0, ,0,,,,,,,,, ,,, ,,,,,,,,,,,,,,,0,0,0,0,0,0,0,0,0,0,0,0,0,0,0,0,0,0,, , , , , , ,0,0,0,0,0,0,, , ,0,,1
3.91395E+11,高知県,幡多,要,要手配,国保大月病院,1,2016/6/8 22:43,0,1,1,1,0,1,1,1,,2016/6/8 14:33,9074541177,,2016/6/8 22:33,0,0,0,0,,2,1,2,1,2,2,,1,1,0,10,20,15,30,15,20,5,10,15,20,0,0,0,0,10,2,10,1,--：--,--：--,--：--,--：--,--：--,--：--,5,2,20,8,30,2,,2016/6/8 22:41,2016/6/8 22:43,1,,1
3.92395E+11,高知県,幡多,未,未入力,こじま眼科,0, ,0,,,,,,,,, ,,, ,,,,,,,,,,,,,,,0,0,0,0,0,0,0,0,0,0,0,0,0,0,0,0,0,0,, , , , , , ,0,0,0,0,0,0,, , ,0,,1
12016114200,高知県,幡多,要,要手配,佐々木整形外科医院,0,2016/6/8 15:11,0,0,0,0,0,0,1,0,,2016/6/8 14:45,,,2016/6/8 15:07,0,0,0,0,,3,,3,1,,2,,1,1,0,3,40,1,5,0,0,0,0,0,1,0,0,10,0,0,0,0,3,9:00,17:00,--：--,--：--,--：--,--：--,3,1,10,2,10,2,緊急車両は通行可能,2016/6/8 15:10,2016/6/8 15:11,0,,1
3.92395E+11,高知県,幡多,未,未入力,四万十市西土佐診療所,0, ,0,,,,,,,,, ,,, ,,,,,,,,,,,,,,,0,0,0,0,0,0,0,0,0,0,0,0,0,0,0,0,0,0,, , , , , , ,0,0,0,0,0,0,, , ,1,,1
3.91395E+11,高知県,幡多,要,要手配,四万十市立市民病院,0,2016/6/8 15:10,0,1,1,1,0,1,1,1,,2016/6/8 15:10,,,2016/6/8 15:10,,設定しない,設定しない,設定しない,設定しない,設定しない,設定しない,設定しない,設定しない,設定しない,設定しない,設定しない,設定しない,設定しない,設定しない,設定しない,設定しない,設定しない,設定しない,設定しない,設定しない,設定しない,設定しない,設定しない,設定しない,設定しない,設定しない,設定しない,設定しない,設定しない,設定しない,設定しない,設定しない, , , , , , ,設定しない,設定しない,設定しない,設定しない,設定しない,設定しない,, , ,設定しない,,1
3.92395E+11,高知県,幡多,未,未入力,宿毛市立沖の島ヘき地診療所,0, ,0,,,,,,,,, ,,, ,,,,,,,,,,,,,,,0,0,0,0,0,0,0,0,0,0,0,0,0,0,0,0,0,0,, , , , , , ,0,0,0,0,0,0,, , ,1,,1
3.91395E+11,高知県,幡多,要,要手配,竹本病院,0,2016/6/8 15:10,0,0,0,0,1,1,1,1,,2016/6/8 14:45,,,2016/6/8 15:07,0,0,0,0,,3,4,1,0,2,1,,1,1,0,18,30,24,45,20,30,5,50,0,0,0,0,0,0,0,0,0,1,--：--,--：--,--：--,--：--,--：--,--：--,2,1,8,2,10,3,,2016/6/8 14:46,2016/6/8 15:10,0,,1
3.91395E+11,高知県,幡多,要,要手配,筒井病院,0,2016/6/8 14:54,0,0,0,0,1,1,1,1,,2016/6/8 14:47,234567890,sdfghj@dfghj.jp,2016/6/8 14:54,0,0,1,0,,3,4,2,0,2,2,,1,1,0,0,10,0,3,0,2,0,0,0,0,0,0,0,0,0,0,0,1,--：--,--：--,--：--,--：--,--：--,--：--,3,0,7,0,2,0,,2016/6/8 14:52,2016/6/8 14:54,1,,1
3.91396E+11,高知県,幡多,未,未入力,土佐清水病院,0, ,0,,,,,,,,, ,,, ,,,,,,,,,,,,,,,0,0,0,0,0,0,0,0,0,0,0,0,0,0,0,0,0,0,, , , , , , ,0,0,0,0,0,0,, , ,0,,1
3.92395E+11,高知県,幡多,未,未入力,中村クリニック,0, ,0,,,,,,,,, ,,, ,,,,,,,,,,,,,,,0,0,0,0,0,0,0,0,0,0,0,0,0,0,0,0,0,0,, , , , , , ,0,0,0,0,0,0,, , ,0,,1
70710000137,高知県,幡多,要,要手配,中村病院,0,2016/6/8 15:09,0,0,0,0,0,0,0,1,,2016/6/8 14:44,11112222333,,2016/6/8 14:45,0,0,0,0,,3,4,3,0,2,2,,1,1,0,4,10,3,25,1,5,0,2,6,0,0,0,0,0,0,0,0,2,--：--,--：--,--：--,--：--,--：--,--：--,3,0,15,0,4,0,車両でのアクセス可能,2016/6/8 14:45,2016/6/8 15:09,0,,1
3.91395E+11,高知県,幡多,未,未入力,幡多希望の家,0, ,0,,,,,,,,, ,,, ,,,,,,,,,,,,,,,0,0,0,0,0,0,0,0,0,0,0,0,0,0,0,0,0,0,, , , , , , ,0,0,0,0,0,0,, , ,0,,1
3.91395E+11,高知県,幡多,未,未入力,幡多けんみん病院,0, ,0,,,,,,,,, ,,, ,,,,,,,,,,,,,,,0,0,0,0,0,0,0,0,0,0,0,0,0,0,0,0,0,0,, , , , , , ,0,0,0,0,0,0,, , ,0,,1
3.91395E+11,高知県,幡多,要,要手配,幡多病院,0,2016/6/8 15:11,0,1,1,1,1,1,1,1,,2016/6/8 14:48,,,2016/6/8 14:48,1,1,1,1,,1,2,2,1,2,2,,1,1,0,2,10,3,15,1,0,1,0,0,0,0,0,0,0,0,0,0,2,--：--,--：--,--：--,--：--,--：--,--：--,10,2,50,8,20,3,,2016/6/8 14:53,2016/6/8 15:11,0,,1
11016006000,高知県,幡多,未,未入力,聖ヶ丘病院,0, ,0,,,,,,,,, ,,, ,,,,,,,,,,,,,,,0,0,0,0,0,0,0,0,0,0,0,0,0,0,0,0,0,0,, , , , , , ,0,0,0,0,0,0,, , ,1,,1
3.91396E+11,高知県,幡多,未,未入力,松谷病院,0, ,0,,,,,,,,, ,,, ,,,,,,,,,,,,,,,0,0,0,0,0,0,0,0,0,0,0,0,0,0,0,0,0,0,, , , , , , ,0,0,0,0,0,0,, , ,0,,1
2.6261E+11,高知県,幡多,未,未入力,松本病院,0, ,0,,,,,,,,, ,,, ,,,,,,,,,,,,,,,0,0,0,0,0,0,0,0,0,0,0,0,0,0,0,0,0,0,, , , , , , ,0,0,0,0,0,0,, , ,0,,1
3.92395E+11,高知県,幡多,未,未入力,三原診療所,0, ,0,,,,,,,,, ,,, ,,,,,,,,,,,,,,,0,0,0,0,0,0,0,0,0,0,0,0,0,0,0,0,0,0,, , , , , , ,0,0,0,0,0,0,, , ,1,,1
3.3133E+11,高知県,幡多,未,未入力,森下病院,0, ,0,,,,,,,,, ,,, ,,,,,,,,,,,,,,,0,0,0,0,0,0,0,0,0,0,0,0,0,0,0,0,0,0,, , , , , , ,0,0,0,0,0,0,, , ,0,,1
3.91395E+11,高知県,幡多,未,未入力,吉井病院,0, ,0,,,,,,,,, ,,, ,,,,,,,,,,,,,,,0,0,0,0,0,0,0,0,0,0,0,0,0,0,0,0,0,0,, , , , , , ,0,0,0,0,0,0,, , ,0,,1
3.91395E+11,高知県,幡多,未,未入力,医療法人一条会渡川病院,0, ,0,,,,,,,,, ,,, ,,,,,,,,,,,,,,,0,0,0,0,0,0,0,0,0,0,0,0,0,0,0,0,0,0,, , , , , , ,0,0,0,0,0,0,, , ,0,,1
4.34311E+11,熊本県,熊本,未,未入力,あおば病院,0, ,0,,,,,,,,, ,,, ,,,,,,,,,,,,,,,0,0,0,0,0,0,0,0,0,0,0,0,0,0,0,0,0,0,, , , , , , ,0,0,0,0,0,0,, , ,0,,1
4.31008E+11,熊本県,熊本,未,未入力,朝日野総合病院,0, ,0,,,,,,,,, ,,, ,,,,,,,,,,,,,,,0,0,0,0,0,0,0,0,0,0,0,0,0,0,0,0,0,0,, , , , , , ,0,0,0,0,0,0,, , ,0,,1
1.2112E+11,熊本県,熊本,未,未入力,東病院,2, ,0,,,,,,,,, ,,, ,,,,,,,,,,,,,,,0,0,0,0,0,0,0,0,0,0,0,0,0,0,0,0,0,0,, , , , , , ,0,0,0,0,0,0,, , ,0,,1
4.34312E+11,熊本県,熊本,未,未入力,天草市立栖本病院,0, ,0,,,,,,,,, ,,, ,,,,,,,,,,,,,,,0,0,0,0,0,0,0,0,0,0,0,0,0,0,0,0,0,0,, , , , , , ,0,0,0,0,0,0,, , ,0,,1
4.34311E+11,熊本県,熊本,未,未入力,一の宮整形外科,0, ,0,,,,,,,,, ,,, ,,,,,,,,,,,,,,,0,0,0,0,0,0,0,0,0,0,0,0,0,0,0,0,0,0,, , , , , , ,0,0,0,0,0,0,, , ,0,,1
2.81284E+11,熊本県,熊本,未,未入力,大塚病院,0, ,0,,,,,,,,, ,,, ,,,,,,,,,,,,,,,0,0,0,0,0,0,0,0,0,0,0,0,0,0,0,0,0,0,, , , , , , ,0,0,0,0,0,0,, , ,0,,1
4.3101E+11,熊本県,熊本,未,未入力,帯山中央病院,0, ,0,,,,,,,,, ,,, ,,,,,,,,,,,,,,,0,0,0,0,0,0,0,0,0,0,0,0,0,0,0,0,0,0,, , , , , , ,0,0,0,0,0,0,, , ,0,,1
1.32024E+11,熊本県,熊本,未,未入力,川野病院,0, ,0,,,,,,,,, ,,, ,,,,,,,,,,,,,,,0,0,0,0,0,0,0,0,0,0,0,0,0,0,0,0,0,0,, , , , , , ,0,0,0,0,0,0,, , ,0,,1
91090009500,熊本県,熊本,未,未入力,菊池病院,0, ,0,,,,,,,,, ,,, ,,,,,,,,,,,,,,,0,0,0,0,0,0,0,0,0,0,0,0,0,0,0,0,0,0,, , , , , , ,0,0,0,0,0,0,, , ,0,,1
4.31008E+11,熊本県,熊本,未,未入力,熊本機能病院,0, ,0,,,,,,,,, ,,, ,,,,,,,,,,,,,,,0,0,0,0,0,0,0,0,0,0,0,0,0,0,0,0,0,0,, , , , , , ,0,0,0,0,0,0,, , ,0,,1
4.34311E+11,熊本県,熊本,未,未入力,熊本県立こころの医療センター,1, ,0,,,,,,,,, ,,, ,,,,,,,,,,,,,,,0,0,0,0,0,0,0,0,0,0,0,0,0,0,0,0,0,0,, , , , , , ,0,0,0,0,0,0,, , ,0,,1
4.34311E+11,熊本県,熊本,未,未入力,熊本光洋台病院,0, ,0,,,,,,,,, ,,, ,,,,,,,,,,,,,,,0,0,0,0,0,0,0,0,0,0,0,0,0,0,0,0,0,0,, , , , , , ,0,0,0,0,0,0,, , ,0,,1
4.31016E+11,熊本県,熊本,未,未入力,熊本市立植木病院,0, ,0,,,,,,,,, ,,, ,,,,,,,,,,,,,,,0,0,0,0,0,0,0,0,0,0,0,0,0,0,0,0,0,0,, , , , , , ,0,0,0,0,0,0,, , ,0,,1
4.31007E+11,熊本県,熊本,未,未入力,熊本市立熊本市民病院,0, ,0,,,,,,,,, ,,, ,,,,,,,,,,,,,,,0,0,0,0,0,0,0,0,0,0,0,0,0,0,0,0,0,0,, , , , , , ,0,0,0,0,0,0,, , ,0,,1
4.31006E+11,熊本県,熊本,未,未入力,熊本整形外科病院,0, ,0,,,,,,,,, ,,, ,,,,,,,,,,,,,,,0,0,0,0,0,0,0,0,0,0,0,0,0,0,0,0,0,0,, , , , , , ,0,0,0,0,0,0,, , ,0,,1
4.31011E+11,熊本県,熊本,未,支援中,熊本赤十字病院,44, ,0,,,,,,,,, ,,, ,,,,,,,,,,,,,,,0,0,0,0,0,0,0,0,0,0,0,0,0,0,0,0,0,0,, , , , , , ,0,0,0,0,0,0,, , ,0,,1
4.31014E+11,熊本県,熊本,未,未入力,熊本大学医学部附属病院,0, ,0,,,,,,,,, ,,, ,,,,,,,,,,,,,,,0,0,0,0,0,0,0,0,0,0,0,0,0,0,0,0,0,0,, , , , , , ,0,0,0,0,0,0,, , ,0,,1
4.31014E+11,熊本県,熊本,未,未入力,熊本地域医療センター,0, ,0,,,,,,,,, ,,, ,,,,,,,,,,,,,,,0,0,0,0,0,0,0,0,0,0,0,0,0,0,0,0,0,0,, , , , , , ,0,0,0,0,0,0,, , ,0,,1
4.31011E+11,熊本県,熊本,未,未入力,熊本中央病院,0, ,0,,,,,,,,, ,,, ,,,,,,,,,,,,,,,0,0,0,0,0,0,0,0,0,0,0,0,0,0,0,0,0,0,, , , , , , ,0,0,0,0,0,0,, , ,0,,1
4.31014E+11,熊本県,熊本,未,未入力,熊本脳神経外科病院,0, ,0,,,,,,,,, ,,, ,,,,,,,,,,,,,,,0,0,0,0,0,0,0,0,0,0,0,0,0,0,0,0,0,0,, , , , , , ,0,0,0,0,0,0,, , ,0,,1
4.31009E+11,熊本県,熊本,未,未入力,くわみず病院,0, ,0,,,,,,,,, ,,, ,,,,,,,,,,,,,,,0,0,0,0,0,0,0,0,0,0,0,0,0,0,0,0,0,0,, , , , , , ,0,0,0,0,0,0,, , ,0,,1
4.31014E+11,熊本県,熊本,未,未入力,慶徳加来病院,0, ,0,,,,,,,,, ,,, ,,,,,,,,,,,,,,,0,0,0,0,0,0,0,0,0,0,0,0,0,0,0,0,0,0,, , , , , , ,0,0,0,0,0,0,, , ,0,,1
4.31012E+11,熊本県,熊本,未,未入力,江南病院,0, ,0,,,,,,,,, ,,, ,,,,,,,,,,,,,,,0,0,0,0,0,0,0,0,0,0,0,0,0,0,0,0,0,0,, , , , , , ,0,0,0,0,0,0,, , ,0,,1
4.31013E+11,熊本県,熊本,未,未入力,国立病院機構熊本医療センター,6, ,0,,,,,,,,, ,,, ,,,,,,,,,,,,,,,0,0,0,0,0,0,0,0,0,0,0,0,0,0,0,0,0,0,, , , , , , ,0,0,0,0,0,0,, , ,0,,1
4.34311E+11,熊本県,熊本,未,未入力,国立療養所菊池恵楓園,0, ,0,,,,,,,,, ,,, ,,,,,,,,,,,,,,,0,0,0,0,0,0,0,0,0,0,0,0,0,0,0,0,0,0,, , , , , , ,0,0,0,0,0,0,, , ,0,,1
81080000167,熊本県,熊本,未,未入力,小柳病院,1, ,0,,,,,,,,, ,,, ,,,,,,,,,,,,,,,0,0,0,0,0,0,0,0,0,0,0,0,0,0,0,0,0,0,, , , , , , ,0,0,0,0,0,0,, , ,0,,1
4.31006E+11,熊本県,熊本,未,未入力,社会福祉法人恩賜財団済生会熊本病院,1, ,0,,,,,,,,, ,,, ,,,,,,,,,,,,,,,0,0,0,0,0,0,0,0,0,0,0,0,0,0,0,0,0,0,, , , , , , ,0,0,0,0,0,0,, , ,0,,1
4.31012E+11,熊本県,熊本,未,未入力,自衛隊熊本病院,0, ,0,,,,,,,,, ,,, ,,,,,,,,,,,,,,,0,0,0,0,0,0,0,0,0,0,0,0,0,0,0,0,0,0,, , , , , , ,0,0,0,0,0,0,, , ,0,,1
4.2142E+11,熊本県,熊本,未,未入力,慈恵病院,0, ,0,,,,,,,,, ,,, ,,,,,,,,,,,,,,,0,0,0,0,0,0,0,0,0,0,0,0,0,0,0,0,0,0,, , , , , , ,0,0,0,0,0,0,, , ,0,,1
1.1111E+11,熊本県,熊本,未,未入力,十善病院,0, ,0,,,,,,,,, ,,, ,,,,,,,,,,,,,,,0,0,0,0,0,0,0,0,0,0,0,0,0,0,0,0,0,0,, , , , , , ,0,0,0,0,0,0,, , ,0,,1
81080000013,熊本県,熊本,未,未入力,城南病院,1, ,0,,,,,,,,, ,,, ,,,,,,,,,,,,,,,0,0,0,0,0,0,0,0,0,0,0,0,0,0,0,0,0,0,, , , , , , ,0,0,0,0,0,0,, , ,0,,1
91090004054,熊本県,熊本,未,未入力,杉村病院,0, ,0,,,,,,,,, ,,, ,,,,,,,,,,,,,,,0,0,0,0,0,0,0,0,0,0,0,0,0,0,0,0,0,0,, , , , , , ,0,0,0,0,0,0,, , ,0,,1
4.31013E+11,熊本県,熊本,未,未入力,鶴田病院,0, ,0,,,,,,,,, ,,, ,,,,,,,,,,,,,,,0,0,0,0,0,0,0,0,0,0,0,0,0,0,0,0,0,0,, , , , , , ,0,0,0,0,0,0,, , ,0,,1
4.31008E+11,熊本県,熊本,未,未入力,寺尾病院,0, ,0,,,,,,,,, ,,, ,,,,,,,,,,,,,,,0,0,0,0,0,0,0,0,0,0,0,0,0,0,0,0,0,0,, , , , , , ,0,0,0,0,0,0,, , ,0,,1
4.31012E+11,熊本県,熊本,未,未入力,南部中央病院,0, ,0,,,,,,,,, ,,, ,,,,,,,,,,,,,,,0,0,0,0,0,0,0,0,0,0,0,0,0,0,0,0,0,0,, , , , , , ,0,0,0,0,0,0,, , ,0,,1
4.34312E+11,熊本県,熊本,未,未入力,にしくまもと病院,0, ,0,,,,,,,,, ,,, ,,,,,,,,,,,,,,,0,0,0,0,0,0,0,0,0,0,0,0,0,0,0,0,0,0,, , , , , , ,0,0,0,0,0,0,, , ,0,,1
4.31013E+11,熊本県,熊本,未,未入力,西日本病院,0, ,0,,,,,,,,, ,,, ,,,,,,,,,,,,,,,0,0,0,0,0,0,0,0,0,0,0,0,0,0,0,0,0,0,, , , , , , ,0,0,0,0,0,0,, , ,0,,1
2.1121E+11,熊本県,熊本,未,未入力,博愛会病院,0, ,0,,,,,,,,, ,,, ,,,,,,,,,,,,,,,0,0,0,0,0,0,0,0,0,0,0,0,0,0,0,0,0,0,, , , , , , ,0,0,0,0,0,0,, , ,0,,1
4.34311E+11,熊本県,熊本,未,未入力,北部脳神経外科・神経内科,0, ,0,,,,,,,,, ,,, ,,,,,,,,,,,,,,,0,0,0,0,0,0,0,0,0,0,0,0,0,0,0,0,0,0,, , , , , , ,0,0,0,0,0,0,, , ,0,,1
4.31012E+11,熊本県,熊本,未,未入力,南熊本病院,0, ,0,,,,,,,,, ,,, ,,,,,,,,,,,,,,,0,0,0,0,0,0,0,0,0,0,0,0,0,0,0,0,0,0,, , , , , , ,0,0,0,0,0,0,, , ,0,,1
1.2112E+11,熊本県,熊本,未,未入力,山口病院,0, ,0,,,,,,,,, ,,, ,,,,,,,,,,,,,,,0,0,0,0,0,0,0,0,0,0,0,0,0,0,0,0,0,0,, , , , , , ,0,0,0,0,0,0,, , ,0,,1
4.31015E+11,熊本県,有明,未,未入力,荒尾市民病院,0, ,0,,,,,,,,, ,,, ,,,,,,,,,,,,,,,0,0,0,0,0,0,0,0,0,0,0,0,0,0,0,0,0,0,, , , , , , ,0,0,0,0,0,0,, , ,0,,1
4.31005E+11,熊本県,有明,未,未入力,公立玉名中央病院,0, ,0,,,,,,,,, ,,, ,,,,,,,,,,,,,,,0,0,0,0,0,0,0,0,0,0,0,0,0,0,0,0,0,0,, , , , , , ,0,0,0,0,0,0,, , ,0,,1
4.31005E+11,熊本県,有明,未,未入力,国民健康保険和水町立病院,0, ,0,,,,,,,,, ,,, ,,,,,,,,,,,,,,,0,0,0,0,0,0,0,0,0,0,0,0,0,0,0,0,0,0,, , , , , , ,0,0,0,0,0,0,, , ,0,,1
4.31015E+11,熊本県,鹿本,未,未入力,保利病院,0, ,0,,,,,,,,, ,,, ,,,,,,,,,,,,,,,0,0,0,0,0,0,0,0,0,0,0,0,0,0,0,0,0,0,, , , , , , ,0,0,0,0,0,0,, , ,0,,1
4.31016E+11,熊本県,鹿本,未,未入力,三森循環器科呼吸器科病院,0, ,0,,,,,,,,, ,,, ,,,,,,,,,,,,,,,0,0,0,0,0,0,0,0,0,0,0,0,0,0,0,0,0,0,, , , , , , ,0,0,0,0,0,0,, , ,0,,1
4.31015E+11,熊本県,鹿本,-,-,山鹿市民医療センター,0,2016/6/6 8:11,0,0,0,0,0,0,0,0,,2016/6/6 8:10,,,2016/6/6 8:11,,設定しない,設定しない,設定しない,設定しない,設定しない,設定しない,設定しない,設定しない,設定しない,設定しない,設定しない,設定しない,設定しない,設定しない,設定しない,設定しない,設定しない,設定しない,設定しない,設定しない,設定しない,設定しない,設定しない,設定しない,設定しない,設定しない,設定しない,設定しない,設定しない,設定しない,設定しない,設定しない, , , , , , ,設定しない,設定しない,設定しない,設定しない,設定しない,設定しない,, , ,設定しない,,1
4.31015E+11,熊本県,鹿本,未,未入力,山鹿中央病院,0, ,0,,,,,,,,, ,,, ,,,,,,,,,,,,,,,0,0,0,0,0,0,0,0,0,0,0,0,0,0,0,0,0,0,, , , , , , ,0,0,0,0,0,0,, , ,0,,1
4.34311E+11,熊本県,菊池,未,未入力,勝久病院,0, ,0,,,,,,,,, ,,, ,,,,,,,,,,,,,,,0,0,0,0,0,0,0,0,0,0,0,0,0,0,0,0,0,0,, , , , , , ,0,0,0,0,0,0,, , ,0,,1
4.31004E+11,熊本県,菊池,未,未入力,川口病院,3, ,0,,,,,,,,, ,,, ,,,,,,,,,,,,,,,0,0,0,0,0,0,0,0,0,0,0,0,0,0,0,0,0,0,, , , , , , ,0,0,0,0,0,0,, , ,0,,1
4.34311E+11,熊本県,菊池,未,未入力,菊池有働病院,0, ,0,,,,,,,,, ,,, ,,,,,,,,,,,,,,,0,0,0,0,0,0,0,0,0,0,0,0,0,0,0,0,0,0,, , , , , , ,0,0,0,0,0,0,, , ,0,,1
4.31004E+11,熊本県,菊池,未,未入力,菊池郡市医師会立病院,0, ,0,,,,,,,,, ,,, ,,,,,,,,,,,,,,,0,0,0,0,0,0,0,0,0,0,0,0,0,0,0,0,0,0,, , , , , , ,0,0,0,0,0,0,, , ,0,,1
4.31004E+11,熊本県,菊池,未,未入力,菊池中央病院,0, ,0,,,,,,,,, ,,, ,,,,,,,,,,,,,,,0,0,0,0,0,0,0,0,0,0,0,0,0,0,0,0,0,0,, , , , , , ,0,0,0,0,0,0,, , ,0,,1
4.31003E+11,熊本県,菊池,未,未入力,菊陽台病院,0, ,0,,,,,,,,, ,,, ,,,,,,,,,,,,,,,0,0,0,0,0,0,0,0,0,0,0,0,0,0,0,0,0,0,, , , , , , ,0,0,0,0,0,0,, , ,0,,1
4.34311E+11,熊本県,菊池,未,未入力,菊陽病院,1, ,0,,,,,,,,, ,,, ,,,,,,,,,,,,,,,0,0,0,0,0,0,0,0,0,0,0,0,0,0,0,0,0,0,, , , , , , ,0,0,0,0,0,0,, , ,0,,1
1.0002E+11,熊本県,菊池,未,未入力,岸病院,0, ,0,,,,,,,,, ,,, ,,,,,,,,,,,,,,,0,0,0,0,0,0,0,0,0,0,0,0,0,0,0,0,0,0,, , , , , , ,0,0,0,0,0,0,, , ,0,,1
4.31003E+11,熊本県,菊池,未,未入力,熊本再春荘病院,0, ,0,,,,,,,,, ,,, ,,,,,,,,,,,,,,,0,0,0,0,0,0,0,0,0,0,0,0,0,0,0,0,0,0,, , , , , , ,0,0,0,0,0,0,, , ,0,,1
4.31004E+11,熊本県,菊池,未,未入力,熊本セントラル病院,0, ,0,,,,,,,,, ,,, ,,,,,,,,,,,,,,,0,0,0,0,0,0,0,0,0,0,0,0,0,0,0,0,0,0,, , , , , , ,0,0,0,0,0,0,, , ,0,,1
4.31003E+11,熊本県,菊池,未,未入力,熊本リハビリテーション病院,0, ,0,,,,,,,,, ,,, ,,,,,,,,,,,,,,,0,0,0,0,0,0,0,0,0,0,0,0,0,0,0,0,0,0,, , , , , , ,0,0,0,0,0,0,, , ,0,,1
4.34311E+11,熊本県,菊池,未,未入力,独立行政法人国立病院機構菊池病院,0, ,0,,,,,,,,, ,,, ,,,,,,,,,,,,,,,0,0,0,0,0,0,0,0,0,0,0,0,0,0,0,0,0,0,, , , , , , ,0,0,0,0,0,0,, , ,0,,1
4.34311E+11,熊本県,菊池,未,未入力,中山記念病院,0, ,0,,,,,,,,, ,,, ,,,,,,,,,,,,,,,0,0,0,0,0,0,0,0,0,0,0,0,0,0,0,0,0,0,, , , , , , ,0,0,0,0,0,0,, , ,0,,1
4.34311E+11,熊本県,菊池,未,未入力,東熊本第二病院,0, ,0,,,,,,,,, ,,, ,,,,,,,,,,,,,,,0,0,0,0,0,0,0,0,0,0,0,0,0,0,0,0,0,0,, , , , , , ,0,0,0,0,0,0,, , ,0,,1
4.31E+11,熊本県,阿蘇,未,支援中,阿蘇医療センター,67, ,0,,,,,,,,, ,,, ,,,,,,,,,,,,,,,0,0,0,0,0,0,0,0,0,0,0,0,0,0,0,0,0,0,, , , , , , ,0,0,0,0,0,0,, , ,0,,1
4.31E+11,熊本県,阿蘇,未,未入力,阿蘇温泉病院,2, ,0,,,,,,,,, ,,, ,,,,,,,,,,,,,,,0,0,0,0,0,0,0,0,0,0,0,0,0,0,0,0,0,0,, , , , , , ,0,0,0,0,0,0,, , ,0,,1
4.31001E+11,熊本県,阿蘇,未,未入力,阿蘇立野病院,0, ,0,,,,,,,,, ,,, ,,,,,,,,,,,,,,,0,0,0,0,0,0,0,0,0,0,0,0,0,0,0,0,0,0,, , , , , , ,0,0,0,0,0,0,, , ,0,,1
4.34311E+11,熊本県,阿蘇,未,未入力,阿蘇やまなみ病院,0, ,0,,,,,,,,, ,,, ,,,,,,,,,,,,,,,0,0,0,0,0,0,0,0,0,0,0,0,0,0,0,0,0,0,, , , , , , ,0,0,0,0,0,0,, , ,0,,1
4.34311E+11,熊本県,阿蘇,未,未入力,家入整形外科,0, ,0,,,,,,,,, ,,, ,,,,,,,,,,,,,,,0,0,0,0,0,0,0,0,0,0,0,0,0,0,0,0,0,0,, , , , , , ,0,0,0,0,0,0,, , ,0,,1
4.34311E+11,熊本県,阿蘇,未,未入力,一の宮整形外科,0, ,0,,,,,,,,, ,,, ,,,,,,,,,,,,,,,0,0,0,0,0,0,0,0,0,0,0,0,0,0,0,0,0,0,, , , , , , ,0,0,0,0,0,0,, , ,0,,1
4.34311E+11,熊本県,阿蘇,未,未入力,市原胃腸科外科,0, ,0,,,,,,,,, ,,, ,,,,,,,,,,,,,,,0,0,0,0,0,0,0,0,0,0,0,0,0,0,0,0,0,0,, , , , , , ,0,0,0,0,0,0,, , ,0,,1
3.4234E+11,熊本県,阿蘇,未,未入力,上村医院,0, ,0,,,,,,,,, ,,, ,,,,,,,,,,,,,,,0,0,0,0,0,0,0,0,0,0,0,0,0,0,0,0,0,0,, , , , , , ,0,0,0,0,0,0,, , ,0,,1
4.34312E+11,熊本県,阿蘇,未,未入力,大阿蘇病院,2, ,0,,,,,,,,, ,,, ,,,,,,,,,,,,,,,0,0,0,0,0,0,0,0,0,0,0,0,0,0,0,0,0,0,, , , , , , ,0,0,0,0,0,0,, , ,0,,1
4.31001E+11,熊本県,阿蘇,未,未入力,小国公立病院,0, ,0,,,,,,,,, ,,, ,,,,,,,,,,,,,,,0,0,0,0,0,0,0,0,0,0,0,0,0,0,0,0,0,0,, , , , , , ,0,0,0,0,0,0,, , ,0,,1
4.34311E+11,熊本県,阿蘇,未,未入力,小野主生医院,0, ,0,,,,,,,,, ,,, ,,,,,,,,,,,,,,,0,0,0,0,0,0,0,0,0,0,0,0,0,0,0,0,0,0,, , , , , , ,0,0,0,0,0,0,, , ,0,,1
4.34311E+11,熊本県,阿蘇,未,未入力,眼科古島医院,0, ,0,,,,,,,,, ,,, ,,,,,,,,,,,,,,,0,0,0,0,0,0,0,0,0,0,0,0,0,0,0,0,0,0,, , , , , , ,0,0,0,0,0,0,, , ,0,,1
4.34311E+11,熊本県,阿蘇,未,未入力,坂梨ハートクリニック,0, ,0,,,,,,,,, ,,, ,,,,,,,,,,,,,,,0,0,0,0,0,0,0,0,0,0,0,0,0,0,0,0,0,0,, , , , , , ,0,0,0,0,0,0,, , ,0,,1
4.34311E+11,熊本県,阿蘇,未,未入力,社会医療法人社団熊本丸田会南郷谷整形外科医院,0, ,0,,,,,,,,, ,,, ,,,,,,,,,,,,,,,0,0,0,0,0,0,0,0,0,0,0,0,0,0,0,0,0,0,, , , , , , ,0,0,0,0,0,0,, , ,0,,1
4.34311E+11,熊本県,阿蘇,未,未入力,問端内科,0, ,0,,,,,,,,, ,,, ,,,,,,,,,,,,,,,0,0,0,0,0,0,0,0,0,0,0,0,0,0,0,0,0,0,, , , , , , ,0,0,0,0,0,0,, , ,0,,1
4.34311E+11,熊本県,阿蘇,未,未入力,蓮田医院,0, ,0,,,,,,,,, ,,, ,,,,,,,,,,,,,,,0,0,0,0,0,0,0,0,0,0,0,0,0,0,0,0,0,0,, , , , , , ,0,0,0,0,0,0,, , ,0,,1
3.4234E+11,熊本県,阿蘇,未,未入力,平田医院,0, ,0,,,,,,,,, ,,, ,,,,,,,,,,,,,,,0,0,0,0,0,0,0,0,0,0,0,0,0,0,0,0,0,0,, , , , , , ,0,0,0,0,0,0,, , ,0,,1
4.34311E+11,熊本県,阿蘇,未,未入力,馬原内科医院,0, ,0,,,,,,,,, ,,, ,,,,,,,,,,,,,,,0,0,0,0,0,0,0,0,0,0,0,0,0,0,0,0,0,0,, , , , , , ,0,0,0,0,0,0,, , ,0,,1
4.34311E+11,熊本県,上益城,未,未入力,希望ケ丘病院,0, ,0,,,,,,,,, ,,, ,,,,,,,,,,,,,,,0,0,0,0,0,0,0,0,0,0,0,0,0,0,0,0,0,0,, , , , , , ,0,0,0,0,0,0,, , ,0,,1
4.34312E+11,熊本県,上益城,未,未入力,東熊本病院,0, ,0,,,,,,,,, ,,, ,,,,,,,,,,,,,,,0,0,0,0,0,0,0,0,0,0,0,0,0,0,0,0,0,0,, , , , , , ,0,0,0,0,0,0,, , ,0,,1
4.34312E+11,熊本県,上益城,未,未入力,益城中央病院,0, ,0,,,,,,,,, ,,, ,,,,,,,,,,,,,,,0,0,0,0,0,0,0,0,0,0,0,0,0,0,0,0,0,0,, , , , , , ,0,0,0,0,0,0,, , ,0,,1
4.34312E+11,熊本県,上益城,未,未入力,益城病院,0, ,0,,,,,,,,, ,,, ,,,,,,,,,,,,,,,0,0,0,0,0,0,0,0,0,0,0,0,0,0,0,0,0,0,, , , , , , ,0,0,0,0,0,0,, , ,0,,1
4.31017E+11,熊本県,上益城,未,未入力,矢部広域病院,0, ,0,,,,,,,,, ,,, ,,,,,,,,,,,,,,,0,0,0,0,0,0,0,0,0,0,0,0,0,0,0,0,0,0,, , , , , , ,0,0,0,0,0,0,, , ,0,,1
4.31001E+11,熊本県,上益城,未,未入力,山都町包括医療センターそよう病院,0, ,0,,,,,,,,, ,,, ,,,,,,,,,,,,,,,0,0,0,0,0,0,0,0,0,0,0,0,0,0,0,0,0,0,, , , , , , ,0,0,0,0,0,0,, , ,0,,1
4.31002E+11,熊本県,宇城,未,未入力,宇城市民病院,0, ,0,,,,,,,,, ,,, ,,,,,,,,,,,,,,,0,0,0,0,0,0,0,0,0,0,0,0,0,0,0,0,0,0,, , , , , , ,0,0,0,0,0,0,, , ,0,,1
4.31001E+11,熊本県,宇城,未,未入力,宇城総合病院,0, ,0,,,,,,,,, ,,, ,,,,,,,,,,,,,,,0,0,0,0,0,0,0,0,0,0,0,0,0,0,0,0,0,0,, , , , , , ,0,0,0,0,0,0,, , ,0,,1
4.31001E+11,熊本県,宇城,未,未入力,おおもり病院,0, ,0,,,,,,,,, ,,, ,,,,,,,,,,,,,,,0,0,0,0,0,0,0,0,0,0,0,0,0,0,0,0,0,0,, , , , , , ,0,0,0,0,0,0,, , ,0,,1
4.31002E+11,熊本県,宇城,未,未入力,熊本南病院,0, ,0,,,,,,,,, ,,, ,,,,,,,,,,,,,,,0,0,0,0,0,0,0,0,0,0,0,0,0,0,0,0,0,0,, , , , , , ,0,0,0,0,0,0,, , ,0,,1
4.31001E+11,熊本県,宇城,未,未入力,済生会みすみ病院,0, ,0,,,,,,,,, ,,, ,,,,,,,,,,,,,,,0,0,0,0,0,0,0,0,0,0,0,0,0,0,0,0,0,0,, , , , , , ,0,0,0,0,0,0,, , ,0,,1
4.31021E+11,熊本県,八代,未,未入力,熊本労災病院,0, ,0,,,,,,,,, ,,, ,,,,,,,,,,,,,,,0,0,0,0,0,0,0,0,0,0,0,0,0,0,0,0,0,0,, , , , , , ,0,0,0,0,0,0,, , ,0,,1
4.31021E+11,熊本県,八代,未,未入力,国民健康保険八代市立病院,0, ,0,,,,,,,,, ,,, ,,,,,,,,,,,,,,,0,0,0,0,0,0,0,0,0,0,0,0,0,0,0,0,0,0,, , , , , , ,0,0,0,0,0,0,, , ,0,,1
4.31021E+11,熊本県,八代,未,未入力,桜十字八代病院,0, ,0,,,,,,,,, ,,, ,,,,,,,,,,,,,,,0,0,0,0,0,0,0,0,0,0,0,0,0,0,0,0,0,0,, , , , , , ,0,0,0,0,0,0,, , ,0,,1
4.3102E+11,熊本県,八代,未,未入力,独立行政法人　地域医療機能推進機構　熊本総合病院,0, ,0,,,,,,,,, ,,, ,,,,,,,,,,,,,,,0,0,0,0,0,0,0,0,0,0,0,0,0,0,0,0,0,0,, , , , , , ,0,0,0,0,0,0,, , ,0,,1
4.3102E+11,熊本県,八代,未,未入力,開病院,0, ,0,,,,,,,,, ,,, ,,,,,,,,,,,,,,,0,0,0,0,0,0,0,0,0,0,0,0,0,0,0,0,0,0,, , , , , , ,0,0,0,0,0,0,, , ,0,,1
4.3102E+11,熊本県,八代,未,未入力,八代郡医師会立病院,0, ,0,,,,,,,,, ,,, ,,,,,,,,,,,,,,,0,0,0,0,0,0,0,0,0,0,0,0,0,0,0,0,0,0,, , , , , , ,0,0,0,0,0,0,, , ,0,,1
1.7117E+11,熊本県,芦北,未,未入力,岡部病院,0, ,0,,,,,,,,, ,,, ,,,,,,,,,,,,,,,0,0,0,0,0,0,0,0,0,0,0,0,0,0,0,0,0,0,, , , , , , ,0,0,0,0,0,0,, , ,0,,1
4.31019E+11,熊本県,芦北,未,未入力,国保水俣市立総合医療センター,0, ,0,,,,,,,,, ,,, ,,,,,,,,,,,,,,,0,0,0,0,0,0,0,0,0,0,0,0,0,0,0,0,0,0,, , , , , , ,0,0,0,0,0,0,, , ,0,,1
4.34311E+11,熊本県,球磨,未,未入力,愛生会外山病院,0, ,0,,,,,,,,, ,,, ,,,,,,,,,,,,,,,0,0,0,0,0,0,0,0,0,0,0,0,0,0,0,0,0,0,, , , , , , ,0,0,0,0,0,0,, , ,0,,1
4.34311E+11,熊本県,球磨,未,未入力,医療法人回生会　堤病院,0, ,0,,,,,,,,, ,,, ,,,,,,,,,,,,,,,0,0,0,0,0,0,0,0,0,0,0,0,0,0,0,0,0,0,, , , , , , ,0,0,0,0,0,0,, , ,0,,1
4.31018E+11,熊本県,球磨,未,未入力,医療法人蘇春堂　球磨病院,0, ,0,,,,,,,,, ,,, ,,,,,,,,,,,,,,,0,0,0,0,0,0,0,0,0,0,0,0,0,0,0,0,0,0,, , , , , , ,0,0,0,0,0,0,, , ,0,,1
4.34311E+11,熊本県,球磨,未,未入力,医療法人蘇春堂　人吉中央温泉病院,0, ,0,,,,,,,,, ,,, ,,,,,,,,,,,,,,,0,0,0,0,0,0,0,0,0,0,0,0,0,0,0,0,0,0,, , , , , , ,0,0,0,0,0,0,, , ,0,,1
4.31004E+11,熊本県,球磨,未,未入力,球磨郡公立多良木病院,0, ,0,,,,,,,,, ,,, ,,,,,,,,,,,,,,,0,0,0,0,0,0,0,0,0,0,0,0,0,0,0,0,0,0,, , , , , , ,0,0,0,0,0,0,, , ,0,,1
4.34311E+11,熊本県,球磨,未,未入力,手塚病院,0, ,0,,,,,,,,, ,,, ,,,,,,,,,,,,,,,0,0,0,0,0,0,0,0,0,0,0,0,0,0,0,0,0,0,, , , , , , ,0,0,0,0,0,0,, , ,0,,1
4.31018E+11,熊本県,球磨,未,未入力,外山胃腸病院,0, ,0,,,,,,,,, ,,, ,,,,,,,,,,,,,,,0,0,0,0,0,0,0,0,0,0,0,0,0,0,0,0,0,0,, , , , , , ,0,0,0,0,0,0,, , ,0,,1
4.34311E+11,熊本県,球磨,未,未入力,外山内科,0, ,0,,,,,,,,, ,,, ,,,,,,,,,,,,,,,0,0,0,0,0,0,0,0,0,0,0,0,0,0,0,0,0,0,, , , , , , ,0,0,0,0,0,0,, , ,0,,1
4.31018E+11,熊本県,球磨,未,未入力,独立行政法人地域医療機能推進機構人吉医療センター,0, ,0,,,,,,,,, ,,, ,,,,,,,,,,,,,,,0,0,0,0,0,0,0,0,0,0,0,0,0,0,0,0,0,0,, , , , , , ,0,0,0,0,0,0,, , ,0,,1
4.34311E+11,熊本県,球磨,未,未入力,人吉リハビリテーション病院,0, ,0,,,,,,,,, ,,, ,,,,,,,,,,,,,,,0,0,0,0,0,0,0,0,0,0,0,0,0,0,0,0,0,0,, , , , , , ,0,0,0,0,0,0,, , ,0,,1
4.31005E+11,熊本県,天草,未,未入力,天草市立牛深市民病院,0, ,0,,,,,,,,, ,,, ,,,,,,,,,,,,,,,0,0,0,0,0,0,0,0,0,0,0,0,0,0,0,0,0,0,, , , , , , ,0,0,0,0,0,0,, , ,0,,1
4.3102E+11,熊本県,天草,未,未入力,天草慈恵病院,0, ,0,,,,,,,,, ,,, ,,,,,,,,,,,,,,,0,0,0,0,0,0,0,0,0,0,0,0,0,0,0,0,0,0,, , , , , , ,0,0,0,0,0,0,, , ,0,,1
4.31021E+11,熊本県,天草,未,未入力,天草第一病院,0, ,0,,,,,,,,, ,,, ,,,,,,,,,,,,,,,0,0,0,0,0,0,0,0,0,0,0,0,0,0,0,0,0,0,, , , , , , ,0,0,0,0,0,0,, , ,0,,1
4.31021E+11,熊本県,天草,未,未入力,天草地域医療センター,0, ,0,,,,,,,,, ,,, ,,,,,,,,,,,,,,,0,0,0,0,0,0,0,0,0,0,0,0,0,0,0,0,0,0,, , , , , , ,0,0,0,0,0,0,, , ,0,,1
4.31017E+11,熊本県,天草,未,未入力,上天草総合病院,0, ,0,,,,,,,,, ,,, ,,,,,,,,,,,,,,,0,0,0,0,0,0,0,0,0,0,0,0,0,0,0,0,0,0,, , , , , , ,0,0,0,0,0,0,, , ,0,,1
4.31019E+11,熊本県,天草,未,未入力,国民健康保険天草市立河浦病院,0, ,0,,,,,,,,, ,,, ,,,,,,,,,,,,,,,0,0,0,0,0,0,0,0,0,0,0,0,0,0,0,0,0,0,, , , , , , ,0,0,0,0,0,0,, , ,0,,1
4.31019E+11,熊本県,天草,未,未入力,国民健康保険天草市立新和病院,0, ,0,,,,,,,,, ,,, ,,,,,,,,,,,,,,,0,0,0,0,0,0,0,0,0,0,0,0,0,0,0,0,0,0,, , , , , , ,0,0,0,0,0,0,, , ,0,,1
4.31022E+11,熊本県,天草,未,未入力,独立行政法人地域医療機能推進機構天草中央総合病院,0, ,0,,,,,,,,, ,,, ,,,,,,,,,,,,,,,0,0,0,0,0,0,0,0,0,0,0,0,0,0,0,0,0,0,, , , , , , ,0,0,0,0,0,0,, , ,0,,1
4.31005E+11,熊本県,天草,未,未入力,福本病院,0, ,0,,,,,,,,, ,,, ,,,,,,,,,,,,,,,0,0,0,0,0,0,0,0,0,0,0,0,0,0,0,0,0,0,, , , , , , ,0,0,0,0,0,0,, , ,0,,1
4.3102E+11,熊本県,天草,未,未入力,苓北医師会病院,0, ,0,,,,,,,,, ,,, ,,,,,,,,,,,,,,,0,0,0,0,0,0,0,0,0,0,0,0,0,0,0,0,0,0,, , , , , , ,0,0,0,0,0,0,, , ,0,,1
4.34311E+11,熊本県,,未,未入力,医療法人誠心会　東病院,0, ,0,,,,,,,,, ,,, ,,,,,,,,,,,,,,,0,0,0,0,0,0,0,0,0,0,0,0,0,0,0,0,0,0,, , , , , , ,0,0,0,0,0,0,, , ,0,,1
4.34311E+11,熊本県,,未,未入力,緒方脳神経外科医院,0, ,0,,,,,,,,, ,,, ,,,,,,,,,,,,,,,0,0,0,0,0,0,0,0,0,0,0,0,0,0,0,0,0,0,, , , , , , ,0,0,0,0,0,0,, , ,0,,1
4.34312E+11,熊本県,,未,未入力,九州記念病院,0, ,0,,,,,,,,, ,,, ,,,,,,,,,,,,,,,0,0,0,0,0,0,0,0,0,0,0,0,0,0,0,0,0,0,, , , , , , ,0,0,0,0,0,0,, , ,0,,1
4.34312E+11,熊本県,,未,未入力,くまもと森都総合病院,1, ,0,,,,,,,,, ,,, ,,,,,,,,,,,,,,,0,0,0,0,0,0,0,0,0,0,0,0,0,0,0,0,0,0,, , , , , , ,0,0,0,0,0,0,, , ,0,,1
4.34311E+11,熊本県,,未,未入力,田嶋外科内科医院,0, ,0,,,,,,,,, ,,, ,,,,,,,,,,,,,,,0,0,0,0,0,0,0,0,0,0,0,0,0,0,0,0,0,0,, , , , , , ,0,0,0,0,0,0,, , ,0,,1