コード,医療機関名,機関名称,郵便番号,都道府県,住所,緯度,経度,災害拠点病院,救命救急センター,被爆医療機関,DMAT指定医療機関,未,未入力,0,,0,,,,,,,,,,,,,,,,,,,,,,,,,,,0,0,0,0,0,0,0,0,0,0,0,0,0,0,0,0,0,0,,,,,,,,0,0,0,0,0,0,,,,0,,1
391393100120 ,もみのき病院, , ,高知県,高知市塚ノ原６番地１,33.560222,133.496083,0,0,0,0,未,未入力,0, ,0,,,,,,,,, ,,, ,,,,,,,,,,,,,,,0,0,0,0,0,0,0,0,0,0,0,0,0,0,0,0,0,0,, , , , , , ,0,0,0,0,0,0,, , ,0,,1
391393100250 ,いずみの病院, , ,高知県,高知市薊野北町２丁目１０番５３号,33.580583,133.555166,0,0,0,0,未,未入力,0, ,0,,,,,,,,, ,,, ,,,,,,,,,,,,,,,0,0,0,0,0,0,0,0,0,0,0,0,0,0,0,0,0,0,, , , , , , ,0,0,0,0,0,0,, , ,0,,1
391393100410 ,高知高須病院, , ,高知県,高知市大津乙２７０５−１,33.566138,133.579611,0,0,0,0,未,未入力,0, ,0,,,,,,,,, ,,, ,,,,,,,,,,,,,,,0,0,0,0,0,0,0,0,0,0,0,0,0,0,0,0,0,0,, , , , , , ,0,0,0,0,0,0,, , ,0,,1
391393100540 ,高知医療センター,高知県・高知市病院企業団立高知医療センター,7818555,高知県,高知市池２１２５番地１,33.531416,133.584888,1,1,0,1,未,未入力,0, ,0,,,,,,,,, ,,, ,,,,,,,,,,,,,,,0,0,0,0,0,0,0,0,0,0,0,0,0,0,0,0,0,0,, , , , , , ,0,0,0,0,0,0,, , ,1,,1
391393100670 ,近森オルソリハビリテーション病院, , ,高知県,高知市北本町１−２−６,33.564888,133.541083,0,0,0,0,未,未入力,0, ,0,,,,,,,,, ,,, ,,,,,,,,,,,,,,,0,0,0,0,0,0,0,0,0,0,0,0,0,0,0,0,0,0,, , , , , , ,0,0,0,0,0,0,, , ,0,,1
391393100700 ,きんろう病院, , ,高知県,高知市薊野北町3丁目2番-28号,33.58175,133.550472,0,0,0,0,未,未入力,0, ,0,,,,,,,,, ,,, ,,,,,,,,,,,,,,,0,0,0,0,0,0,0,0,0,0,0,0,0,0,0,0,0,0,, , , , , , ,0,0,0,0,0,0,, , ,0,,1
391395100140 ,海辺の杜ホスピタル, , ,高知県,高知市長浜２５１,33.510694,133.552805,0,0,0,0,未,未入力,0, ,0,,,,,,,,, ,,, ,,,,,,,,,,,,,,,0,0,0,0,0,0,0,0,0,0,0,0,0,0,0,0,0,0,, , , , , , ,0,0,0,0,0,0,, , ,0,,1
391395100270 ,高知鏡川病院, , ,高知県,高知市城山町２７０,33.551138,133.511555,0,0,0,0,未,未入力,0, ,0,,,,,,,,, ,,, ,,,,,,,,,,,,,,,0,0,0,0,0,0,0,0,0,0,0,0,0,0,0,0,0,0,, , , , , , ,0,0,0,0,0,0,, , ,0,,1
391395100300 ,愛幸病院, , ,高知県,高知市入明町１４−２,33.566694,133.530166,0,0,0,0,未,未入力,0, ,0,,,,,,,,, ,,, ,,,,,,,,,,,,,,,0,0,0,0,0,0,0,0,0,0,0,0,0,0,0,0,0,0,, , , , , , ,0,0,0,0,0,0,, , ,0,,1
391395100430 ,谷病院, , ,高知県,高知市吸江１２０,33.547805,133.569888,0,0,0,0,未,未入力,0, ,0,,,,,,,,, ,,, ,,,,,,,,,,,,,,,0,0,0,0,0,0,0,0,0,0,0,0,0,0,0,0,0,0,, , , , , , ,0,0,0,0,0,0,, , ,0,,1
391395100560 ,土佐病院, , ,高知県,高知市新本町２−１０−２４,33.570027,133.547944,0,0,0,0,未,未入力,0, ,0,,,,,,,,, ,,, ,,,,,,,,,,,,,,,0,0,0,0,0,0,0,0,0,0,0,0,0,0,0,0,0,0,, , , , , , ,0,0,0,0,0,0,, , ,0,,1
391395100720 ,浅井病院, , ,高知県,高知市升形８−２,33.556694,133.529333,0,0,0,0,未,未入力,0, ,0,,,,,,,,, ,,, ,,,,,,,,,,,,,,,0,0,0,0,0,0,0,0,0,0,0,0,0,0,0,0,0,0,, , , , , , ,0,0,0,0,0,0,, , ,0,,1
391395100850 ,朝倉病院, , ,高知県,高知市朝倉丙１６５３−１２,33.555583,133.474638,0,0,0,0,未,未入力,0, ,0,,,,,,,,, ,,, ,,,,,,,,,,,,,,,0,0,0,0,0,0,0,0,0,0,0,0,0,0,0,0,0,0,, , , , , , ,0,0,0,0,0,0,, , ,0,,1
391395100980 ,愛宕病院, , ,高知県,高知市愛宕町１丁目1番１３号,33.565583,133.537666,0,0,0,1,要,要手配,0,2016/6/30 12:43,0,0,1,0,0,0,1,0,,2016/6/30 12:43,,,2016/6/30 12:43,,設定しない,設定しない,設定しない,設定しない,設定しない,設定しない,設定しない,設定しない,設定しない,設定しない,設定しない,設定しない,設定しない,設定しない,設定しない,設定しない,設定しない,設定しない,設定しない,設定しない,設定しない,設定しない,設定しない,設定しない,設定しない,設定しない,設定しない,設定しない,設定しない,設定しない,設定しない,設定しない, , , , , , ,設定しない,設定しない,設定しない,設定しない,設定しない,設定しない,, , ,設定しない,,1
391395101020 ,高知整形・脳外科病院, , ,高知県,高知市上町４−７−２０,33.556333,133.518916,0,0,0,0,未,未入力,0, ,0,,,,,,,,, ,,, ,,,,,,,,,,,,,,,0,0,0,0,0,0,0,0,0,0,0,0,0,0,0,0,0,0,, , , , , , ,0,0,0,0,0,0,, , ,0,,1
391395101280 ,岡村病院, , ,高知県,高知市入明町１−５,33.565583,133.532027,0,0,0,0,未,未入力,0, ,0,,,,,,,,, ,,, ,,,,,,,,,,,,,,,0,0,0,0,0,0,0,0,0,0,0,0,0,0,0,0,0,0,, , , , , , ,0,0,0,0,0,0,, , ,0,,1
391395101310 ,川村病院, , ,高知県,高知市上町５−６−２０,33.555861,133.517111,0,0,0,0,未,未入力,0, ,0,,,,,,,,, ,,, ,,,,,,,,,,,,,,,0,0,0,0,0,0,0,0,0,0,0,0,0,0,0,0,0,0,, , , , , , ,0,0,0,0,0,0,, , ,0,,1
391395101440 ,木村病院, , ,高知県,高知市寿町８−８,33.566472,133.535333,0,0,0,0,未,未入力,0, ,0,,,,,,,,, ,,, ,,,,,,,,,,,,,,,0,0,0,0,0,0,0,0,0,0,0,0,0,0,0,0,0,0,, , , , , , ,0,0,0,0,0,0,, , ,0,,1
391395101570 ,国吉病院, , ,高知県,高知市上町１丁目３−４,33.558361,133.526,0,0,0,0,未,未入力,0, ,0,,,,,,,,, ,,, ,,,,,,,,,,,,,,,0,0,0,0,0,0,0,0,0,0,0,0,0,0,0,0,0,0,, , , , , , ,0,0,0,0,0,0,, , ,0,,1
391395101600 ,下司病院, , ,高知県,高知市　本町　３−５−１３,33.55725,133.536722,0,0,0,0,未,未入力,0, ,0,,,,,,,,, ,,, ,,,,,,,,,,,,,,,0,0,0,0,0,0,0,0,0,0,0,0,0,0,0,0,0,0,, , , , , , ,0,0,0,0,0,0,, , ,0,,1
391395101730 ,高知病院, , ,高知県,高知市相生町１番３５号,33.564305,133.544722,0,0,0,0,未,未入力,0, ,0,,,,,,,,, ,,, ,,,,,,,,,,,,,,,0,0,0,0,0,0,0,0,0,0,0,0,0,0,0,0,0,0,, , , , , , ,0,0,0,0,0,0,, , ,0,,1
391395101860 ,高知ハーモニーホスピタル, , ,高知県,高知市南金田５番１８号,33.564777,133.558361,0,0,0,0,未,未入力,0, ,0,,,,,,,,, ,,, ,,,,,,,,,,,,,,,0,0,0,0,0,0,0,0,0,0,0,0,0,0,0,0,0,0,, , , , , , ,0,0,0,0,0,0,, , ,0,,1
391395102160 ,高知厚生病院, , ,高知県,高知市葛島１−９−５０,33.558361,133.572111,0,0,0,0,未,未入力,0, ,0,,,,,,,,, ,,, ,,,,,,,,,,,,,,,0,0,0,0,0,0,0,0,0,0,0,0,0,0,0,0,0,0,, , , , , , ,0,0,0,0,0,0,, , ,0,,1
391395102320 ,高知赤十字病院,高知赤十字病院,7808562,高知県,高知市新本町２−１３−５１,33.569194,133.546,1,1,0,1,未,未入力,0, ,0,,,,,,,,, ,,, ,,,,,,,,,,,,,,,0,0,0,0,0,0,0,0,0,0,0,0,0,0,0,0,0,0,, , , , , , ,0,0,0,0,0,0,, , ,0,,1
391395102610 ,国立病院機構高知病院,独立行政法人国立病院機構高知病院,7808077,高知県,高知市朝倉西町 1丁目2番25号,33.542722,133.484333,1,0,0,1,-,-,0,2016/6/30 12:44,0,0,0,0,0,0,0,0,,2016/6/30 12:44,,,2016/6/30 12:44,,設定しない,設定しない,設定しない,設定しない,設定しない,設定しない,設定しない,設定しない,設定しない,設定しない,設定しない,設定しない,設定しない,設定しない,設定しない,設定しない,設定しない,設定しない,設定しない,設定しない,設定しない,設定しない,設定しない,設定しない,設定しない,設定しない,設定しない,設定しない,設定しない,設定しない,設定しない,設定しない, , , , , , ,設定しない,設定しない,設定しない,設定しない,設定しない,設定しない,, , ,設定しない,,1
391395102870 ,島本病院, , ,高知県,高知市帯屋町２−６−３,33.56025,133.53525,0,0,0,0,未,未入力,0, ,0,,,,,,,,, ,,, ,,,,,,,,,,,,,,,0,0,0,0,0,0,0,0,0,0,0,0,0,0,0,0,0,0,, , , , , , ,0,0,0,0,0,0,, , ,0,,1
391395102900 ,だいいちリハビリテーション病院, , ,高知県,高知市九反田２番１４号,33.55825,133.547972,0,0,0,0,未,未入力,0, ,0,,,,,,,,, ,,, ,,,,,,,,,,,,,,,0,0,0,0,0,0,0,0,0,0,0,0,0,0,0,0,0,0,, , , , , , ,0,0,0,0,0,0,, , ,0,,1
391395103170 ,記念病院, , ,高知県,高知市城見町４−１３,33.559194,133.551833,0,0,0,0,未,未入力,0, ,0,,,,,,,,, ,,, ,,,,,,,,,,,,,,,0,0,0,0,0,0,0,0,0,0,0,0,0,0,0,0,0,0,, , , , , , ,0,0,0,0,0,0,, , ,0,,1
391395103200 ,潮江高橋病院, , ,高知県,高知市土居町９−１８,33.554416,133.544583,0,0,0,0,未,未入力,0, ,0,,,,,,,,, ,,, ,,,,,,,,,,,,,,,0,0,0,0,0,0,0,0,0,0,0,0,0,0,0,0,0,0,, , , , , , ,0,0,0,0,0,0,, , ,0,,1
391395103330 ,マリン病院, , ,高知県,高知市仁井田１６１７−５,33.514111,133.572583,0,0,0,0,未,未入力,0, ,0,,,,,,,,, ,,, ,,,,,,,,,,,,,,,0,0,0,0,0,0,0,0,0,0,0,0,0,0,0,0,0,0,, , , , , , ,0,0,0,0,0,0,, , ,0,,1
391395103460 ,近森病院,社会医療法人近森会 近森病院,7808522,高知県,高知市大川筋一丁目１番１６号,33.564361,133.542194,1,1,0,1,要,要手配,0,2016/6/30 12:45,0,0,1,0,0,0,0,0,,2016/6/30 12:45,,,2016/6/30 12:45,,設定しない,設定しない,設定しない,設定しない,設定しない,設定しない,設定しない,設定しない,設定しない,設定しない,設定しない,設定しない,設定しない,設定しない,設定しない,設定しない,設定しない,設定しない,設定しない,設定しない,設定しない,設定しない,設定しない,設定しない,設定しない,設定しない,設定しない,設定しない,設定しない,設定しない,設定しない,設定しない, , , , , , ,設定しない,設定しない,設定しない,設定しない,設定しない,設定しない,, , ,設定しない,,1
391395103590 ,土佐田村病院, , ,高知県,高知市稲荷町１１−２０,33.557055,133.56125,0,0,0,0,未,未入力,0, ,0,,,,,,,,, ,,, ,,,,,,,,,,,,,,,0,0,0,0,0,0,0,0,0,0,0,0,0,0,0,0,0,0,, , , , , , ,0,0,0,0,0,0,, , ,0,,1
391395103750 ,図南病院, , ,高知県,高知市知寄町１−５−１５,33.558888,133.556194,0,0,0,1,要,要手配,0,2016/6/30 12:47,0,0,1,0,0,0,0,0,,2016/6/30 12:45,,,2016/6/30 12:47,,設定しない,設定しない,設定しない,設定しない,設定しない,設定しない,設定しない,設定しない,設定しない,設定しない,設定しない,設定しない,設定しない,設定しない,設定しない,設定しない,設定しない,設定しない,設定しない,設定しない,設定しない,設定しない,設定しない,設定しない,設定しない,設定しない,設定しない,設定しない,設定しない,設定しない,設定しない,設定しない, , , , , , ,設定しない,設定しない,設定しない,設定しない,設定しない,設定しない,, , ,設定しない,,1
391395103910 ,長浜病院, , ,高知県,高知市長浜８０１,33.501055,133.544833,0,0,0,0,未,未入力,0, ,0,,,,,,,,, ,,, ,,,,,,,,,,,,,,,0,0,0,0,0,0,0,0,0,0,0,0,0,0,0,0,0,0,, , , , , , ,0,0,0,0,0,0,, , ,0,,1
391395104500 ,久病院, , ,高知県,高知市桜井町１−２−３５,33.560555,133.547861,0,0,0,0,未,未入力,0, ,0,,,,,,,,, ,,, ,,,,,,,,,,,,,,,0,0,0,0,0,0,0,0,0,0,0,0,0,0,0,0,0,0,, , , , , , ,0,0,0,0,0,0,, , ,0,,1
391395104630 ,平田病院, , ,高知県,高知市本町５−４−２３,33.55725,133.530166,0,0,0,0,未,未入力,0, ,0,,,,,,,,, ,,, ,,,,,,,,,,,,,,,0,0,0,0,0,0,0,0,0,0,0,0,0,0,0,0,0,0,, , , , , , ,0,0,0,0,0,0,, , ,0,,1
391395104890 ,藤戸病院, , ,高知県,高知市上町１−４−２４,33.557805,133.525444,0,0,0,0,未,未入力,0, ,0,,,,,,,,, ,,, ,,,,,,,,,,,,,,,0,0,0,0,0,0,0,0,0,0,0,0,0,0,0,0,0,0,, , , , , , ,0,0,0,0,0,0,, , ,0,,1
391395104920 ,細木病院, , ,高知県,高知市大膳町37,33.55975,133.522666,0,0,0,0,未,未入力,0, ,0,,,,,,,,, ,,, ,,,,,,,,,,,,,,,0,0,0,0,0,0,0,0,0,0,0,0,0,0,0,0,0,0,, , , , , , ,0,0,0,0,0,0,, , ,0,,1
391395105060 ,上町病院, , ,高知県,高知市上町１−７−３４,33.557083,133.526027,0,0,0,0,未,未入力,0, ,0,,,,,,,,, ,,, ,,,,,,,,,,,,,,,0,0,0,0,0,0,0,0,0,0,0,0,0,0,0,0,0,0,, , , , , , ,0,0,0,0,0,0,, , ,0,,1
391395105220 ,南病院, , ,高知県,高知市本町３−６−２８,33.557222,133.535027,0,0,0,0,未,未入力,0, ,0,,,,,,,,, ,,, ,,,,,,,,,,,,,,,0,0,0,0,0,0,0,0,0,0,0,0,0,0,0,0,0,0,, , , , , , ,0,0,0,0,0,0,, , ,0,,1
391395105350 ,見元回生病院, , ,高知県,高知市本町２丁目４番２８号,33.558,133.537777,0,0,0,0,未,未入力,0, ,0,,,,,,,,, ,,, ,,,,,,,,,,,,,,,0,0,0,0,0,0,0,0,0,0,0,0,0,0,0,0,0,0,, , , , , , ,0,0,0,0,0,0,, , ,0,,1
391395105480 ,山村病院, , ,高知県,高知市下島町１１番地,33.554694,133.507861,0,0,0,0,未,未入力,0, ,0,,,,,,,,, ,,, ,,,,,,,,,,,,,,,0,0,0,0,0,0,0,0,0,0,0,0,0,0,0,0,0,0,, , , , , , ,0,0,0,0,0,0,, , ,0,,1
391395105640 ,高知城東病院, , ,高知県,高知市大津乙７１９,33.56775,133.597527,0,0,0,0,未,未入力,0, ,0,,,,,,,,, ,,, ,,,,,,,,,,,,,,,0,0,0,0,0,0,0,0,0,0,0,0,0,0,0,0,0,0,, , , , , , ,0,0,0,0,0,0,, , ,0,,1
391395105800 ,竹下病院, , ,高知県,高知市本町２丁目４番３号,33.557972,133.538444,0,0,0,0,未,未入力,0, ,0,設定しない,設定しない,設定しない,設定しない,設定しない,設定しない,設定しない,設定しない, ,設定しない,設定しない, ,,設定しない,設定しない,設定しない,設定しない,設定しない,設定しない,設定しない,設定しない,設定しない,設定しない,設定しない,設定しない,設定しない,設定しない,設定しない,設定しない,設定しない,設定しない,設定しない,設定しない,設定しない,設定しない,設定しない,設定しない,設定しない,設定しない,設定しない,設定しない,設定しない,設定しない,設定しない,設定しない, , , , , , ,設定しない,設定しない,設定しない,設定しない,設定しない,設定しない,, , ,設定しない,,1
391395105930 ,町田病院, , ,高知県,高知市旭町１丁目１０４番地,33.556972,133.512916,0,0,0,0,未,未入力,0, ,0,,,,,,,,, ,,, ,,,,,,,,,,,,,,,0,0,0,0,0,0,0,0,0,0,0,0,0,0,0,0,0,0,, , , , , , ,0,0,0,0,0,0,, , ,0,,1
391395106070 ,高知西病院, , ,高知県,高知市神田３１７−１２,33.540583,133.501833,0,0,0,0,未,未入力,0, ,0,,,,,,,,, ,,, ,,,,,,,,,,,,,,,0,0,0,0,0,0,0,0,0,0,0,0,0,0,0,0,0,0,, , , , , , ,0,0,0,0,0,0,, , ,0,,1
391395106100 ,三愛病院, , ,高知県,高知市一宮西町１−７−２５,33.583333,133.567777,0,0,0,0,未,未入力,0, ,0,,,,,,,,, ,,, ,,,,,,,,,,,,,,,0,0,0,0,0,0,0,0,0,0,0,0,0,0,0,0,0,0,, , , , , , ,0,0,0,0,0,0,, , ,0,,1
391395106230 ,高知総合リハビリテーション病院, , ,高知県,高知市一宮南町１−１０−１５,33.579055,133.56375,0,0,0,0,未,未入力,0, ,0,,,,,,,,, ,,, ,,,,,,,,,,,,,,,0,0,0,0,0,0,0,0,0,0,0,0,0,0,0,0,0,0,, , , , , , ,0,0,0,0,0,0,, , ,0,,1
391395106360 ,高橋病院, , ,高知県,高知市愛宕町３−９−２０,33.570777,133.536944,0,0,0,0,未,未入力,0, ,0,,,,,,,,, ,,, ,,,,,,,,,,,,,,,0,0,0,0,0,0,0,0,0,0,0,0,0,0,0,0,0,0,, , , , , , ,0,0,0,0,0,0,, , ,0,,1
391395106490 ,愛宕病院分院, , ,高知県,高知市長浜６０１２−１,33.4895,133.549194,0,0,0,0,未,未入力,0, ,0,,,,,,,,, ,,, ,,,,,,,,,,,,,,,0,0,0,0,0,0,0,0,0,0,0,0,0,0,0,0,0,0,, , , , , , ,0,0,0,0,0,0,, , ,0,,1
391395106520 ,医療法人薫風会毛山病院, , ,高知県,高知市知寄町１−２−２,33.5595,133.557166,0,0,0,0,未,未入力,0, ,0,,,,,,,,, ,,, ,,,,,,,,,,,,,,,0,0,0,0,0,0,0,0,0,0,0,0,0,0,0,0,0,0,, , , , , , ,0,0,0,0,0,0,, , ,0,,1
391395106650 ,岡林病院, , ,高知県,高知市神田５９８,33.548916,133.514611,0,0,0,0,未,未入力,0, ,0,,,,,,,,, ,,, ,,,,,,,,,,,,,,,0,0,0,0,0,0,0,0,0,0,0,0,0,0,0,0,0,0,, , , , , , ,0,0,0,0,0,0,, , ,0,,1
391395106810 ,下村病院, , ,高知県,高知市南はりまや町１−７−１５,33.558194,133.542888,0,0,0,0,未,未入力,0, ,0,,,,,,,,, ,,, ,,,,,,,,,,,,,,,0,0,0,0,0,0,0,0,0,0,0,0,0,0,0,0,0,0,, , , , , , ,0,0,0,0,0,0,, , ,0,,1
391395107080 ,田中整形外科病院, , ,高知県,高知市上町３丁目２番６号,33.558166,133.522583,0,0,0,0,未,未入力,0, ,0,,,,,,,,, ,,, ,,,,,,,,,,,,,,,0,0,0,0,0,0,0,0,0,0,0,0,0,0,0,0,0,0,, , , , , , ,0,0,0,0,0,0,, , ,0,,1
391395107400 ,横浜病院, , ,高知県,高知市横浜東町10番1号,33.519472,133.547944,0,0,0,0,未,未入力,0, ,0,,,,,,,,, ,,, ,,,,,,,,,,,,,,,0,0,0,0,0,0,0,0,0,0,0,0,0,0,0,0,0,0,, , , , , , ,0,0,0,0,0,0,, , ,0,,1
391395107790 ,田村内科整形外科病院, , ,高知県,高知市二葉町１０−１０,33.556583,133.557388,0,0,0,0,未,未入力,0, ,0,,,,,,,,, ,,, ,,,,,,,,,,,,,,,0,0,0,0,0,0,0,0,0,0,0,0,0,0,0,0,0,0,, , , , , , ,0,0,0,0,0,0,, , ,0,,1
391395108120 ,北村病院, , ,高知県,南国市東崎１３３６番地,33.575027,133.642666,0,0,0,0,要,要手配,0,2016/6/30 14:21,0,0,0,0,0,0,0,0,水食料1日分,2016/6/30 14:19,888642101,,2016/6/30 14:21,,設定しない,設定しない,設定しない,設定しない,設定しない,設定しない,設定しない,設定しない,設定しない,設定しない,設定しない,設定しない,設定しない,設定しない,設定しない,設定しない,設定しない,設定しない,設定しない,設定しない,設定しない,設定しない,設定しない,設定しない,設定しない,設定しない,設定しない,設定しない,設定しない,設定しない,設定しない,設定しない, , , , , , ,設定しない,設定しない,設定しない,設定しない,設定しない,設定しない,, , ,設定しない,,1
391395108410 ,岡豊病院, , ,高知県,南国市岡豊町小蓮６８９の１,33.599472,133.617388,0,0,0,0,未,未入力,0, ,0,,,,,,,,, ,,, ,,,,,,,,,,,,,,,0,0,0,0,0,0,0,0,0,0,0,0,0,0,0,0,0,0,, , , , , , ,0,0,0,0,0,0,, , ,0,,1
391395108620 ,南国病院, , ,高知県,南国市大そね甲１４７９−３,33.5675,133.64675,0,0,0,0,未,未入力,0, ,0,,,,,,,,, ,,, ,,,,,,,,,,,,,,,0,0,0,0,0,0,0,0,0,0,0,0,0,0,0,0,0,0,, , , , , , ,0,0,0,0,0,0,, , ,0,,1
391395108700 ,藤原病院, , ,高知県,南国市大そね乙９９５番地,33.566138,133.649611,0,0,0,0,未,未入力,0, ,0,,,,,,,,, ,,, ,,,,,,,,,,,,,,,0,0,0,0,0,0,0,0,0,0,0,0,0,0,0,0,0,0,, , , , , , ,0,0,0,0,0,0,, , ,0,,1
391395108830 ,高知大学医学部附属病院,国立大学法人高知大学医学部附属病院,7838505,高知県,南国市岡豊町小蓮１８５番地１,33.59475,133.614333,1,0,0,1,-,-,0,2016/6/30 12:48,0,0,0,0,0,0,0,0,,2016/6/30 12:48,,,2016/6/30 12:48,,設定しない,設定しない,設定しない,設定しない,設定しない,設定しない,設定しない,設定しない,設定しない,設定しない,設定しない,設定しない,設定しない,設定しない,設定しない,設定しない,設定しない,設定しない,設定しない,設定しない,設定しない,設定しない,設定しない,設定しない,設定しない,設定しない,設定しない,設定しない,設定しない,設定しない,設定しない,設定しない, , , , , , ,設定しない,設定しない,設定しない,設定しない,設定しない,設定しない,, , ,設定しない,,1
391395108960 ,石川記念病院, , ,高知県,吾川郡いの町波川77,33.541972,133.409916,0,0,0,0,要,要手配,0,2016/6/30 14:12,0,0,0,0,0,0,1,0,,2016/6/30 14:11,,,2016/6/30 14:11,,,,,,3,4,3,,3,,,,,0,0,0,0,0,0,0,0,0,0,0,0,0,0,0,0,0,0,,--：--,--：--,--：--,--：--,--：--,--：--,0,0,0,0,0,0,,2016/6/30 14:11,2016/6/30 14:12,0,,1
391395109260 ,仁淀病院,いの町立国民健康保険仁淀病院,7812193,高知県,吾川郡いの町１３６９,33.54725,133.4335,1,0,0,1,未,未入力,0, ,0,,,,,,,,, ,,, ,,,,,,,,,,,,,,,0,0,0,0,0,0,0,0,0,0,0,0,0,0,0,0,0,0,, , , , , , ,0,0,0,0,0,0,, , ,0,,1
391395109390 ,永井病院, , ,高知県,高知市春野町西分2027-3,33.499166,133.495944,0,0,0,0,未,未入力,0, ,0,,,,,,,,, ,,, ,,,,,,,,,,,,,,,0,0,0,0,0,0,0,0,0,0,0,0,0,0,0,0,0,0,, , , , , , ,0,0,0,0,0,0,, , ,0,,1
391395109550 ,高知生協病院, , ,高知県,高知市口細山２０６−９,33.566972,133.489916,0,0,0,0,未,未入力,0, ,0,,,,,,,,, ,,, ,,,,,,,,,,,,,,,0,0,0,0,0,0,0,0,0,0,0,0,0,0,0,0,0,0,, , , , , , ,0,0,0,0,0,0,, , ,0,,1
391395109840 ,いの病院, , ,高知県,吾川郡いの町３８６４−１,33.547083,133.426333,0,0,0,0,未,未入力,0, ,0,,,,,,,,, ,,, ,,,,,,,,,,,,,,,0,0,0,0,0,0,0,0,0,0,0,0,0,0,0,0,0,0,, , , , , , ,0,0,0,0,0,0,, , ,0,,1
391395110080 ,南国中央病院, , ,高知県,南国市後免町３−１−２７,33.575861,133.647944,0,0,0,0,未,未入力,0, ,0,,,,,,,,, ,,, ,,,,,,,,,,,,,,,0,0,0,0,0,0,0,0,0,0,0,0,0,0,0,0,0,0,, , , , , , ,0,0,0,0,0,0,, , ,0,,1
391395110110 ,森木病院, , ,高知県,吾川郡いの町３６７４番地,33.547805,133.425111,0,0,0,0,要,要手配,0,2016/6/30 14:26,0,0,0,0,1,0,0,0,,2016/6/30 14:26,,,2016/6/30 14:26,,設定しない,設定しない,設定しない,設定しない,設定しない,設定しない,設定しない,設定しない,設定しない,設定しない,設定しない,設定しない,設定しない,設定しない,設定しない,設定しない,設定しない,設定しない,設定しない,設定しない,設定しない,設定しない,設定しない,設定しない,設定しない,設定しない,設定しない,設定しない,設定しない,設定しない,設定しない,設定しない, , , , , , ,設定しない,設定しない,設定しない,設定しない,設定しない,設定しない,, , ,設定しない,,1
391395110370 ,高知脳神経外科病院, , ,高知県,高知市朝倉戊７６７−５,33.537055,133.486,0,0,0,0,未,未入力,0, ,0,,,,,,,,, ,,, ,,,,,,,,,,,,,,,0,0,0,0,0,0,0,0,0,0,0,0,0,0,0,0,0,0,, , , , , , ,0,0,0,0,0,0,, , ,0,,1
391395110400 ,中ノ橋病院, , ,高知県,高知市永国寺町１番４６号,33.563638,133.536722,0,0,0,0,未,未入力,0, ,0,,,,,,,,, ,,, ,,,,,,,,,,,,,,,0,0,0,0,0,0,0,0,0,0,0,0,0,0,0,0,0,0,, , , , , , ,0,0,0,0,0,0,, , ,0,,1
391395110660 ,近森リハビリテーション病院, , ,高知県,高知市廿代町2番22号,33.564944,133.541111,0,0,0,0,未,未入力,0, ,0,,,,,,,,, ,,, ,,,,,,,,,,,,,,,0,0,0,0,0,0,0,0,0,0,0,0,0,0,0,0,0,0,, , , , , , ,0,0,0,0,0,0,, , ,0,,1
391395110790 ,土佐希望の家, , ,高知県,南国市小籠１０７番地,33.582611,133.633333,0,0,0,0,未,未入力,0, ,0,,,,,,,,, ,,, ,,,,,,,,,,,,,,,0,0,0,0,0,0,0,0,0,0,0,0,0,0,0,0,0,0,, , , , , , ,0,0,0,0,0,0,, , ,0,,1
391395110820 ,医療法人仁栄会島津病院, , ,高知県,高知市比島町４−６−２２,33.573138,133.549888,0,0,0,0,未,未入力,0, ,0,,,,,,,,, ,,, ,,,,,,,,,,,,,,,0,0,0,0,0,0,0,0,0,0,0,0,0,0,0,0,0,0,, , , , , , ,0,0,0,0,0,0,, , ,0,,1
391395110950 ,南国厚生病院, , ,高知県,南国市立田1180,33.568916,133.671277,0,0,0,0,未,未入力,1, ,0,,,,,,,,, ,,, ,,,,,,,,,,,,,,,0,0,0,0,0,0,0,0,0,0,0,0,0,0,0,0,0,0,, , , , , , ,0,0,0,0,0,0,, , ,0,,1
391395111090 ,細木ユニティ病院, , ,高知県,高知市西町１００,33.559583,133.521694,0,0,0,0,未,未入力,0, ,0,,,,,,,,, ,,, ,,,,,,,,,,,,,,,0,0,0,0,0,0,0,0,0,0,0,0,0,0,0,0,0,0,, , , , , , ,0,0,0,0,0,0,, , ,0,,1
391395200200 ,あき総合病院,高知県立あき総合病院,7840027,高知県,安芸市宝永町３の３３,33.505055,133.897361,1,0,0,1,-,-,0,2016/6/30 12:52,0,0,0,0,0,0,0,0,,2016/6/30 12:52,,,2016/6/30 12:52,,設定しない,設定しない,設定しない,設定しない,設定しない,設定しない,設定しない,設定しない,設定しない,設定しない,設定しない,設定しない,設定しない,設定しない,設定しない,設定しない,設定しない,設定しない,設定しない,設定しない,設定しない,設定しない,設定しない,設定しない,設定しない,設定しない,設定しない,設定しない,設定しない,設定しない,設定しない,設定しない, , , , , , ,設定しない,設定しない,設定しない,設定しない,設定しない,設定しない,, , ,設定しない,,1
391395200460 ,森澤病院, , ,高知県,安芸市本町２−１３−３２,33.498388,133.908472,0,0,0,0,要,要手配,0,2016/6/30 14:24,0,1,1,1,1,1,1,0,,2016/6/30 14:24,,,2016/6/30 14:24,,設定しない,設定しない,設定しない,設定しない,設定しない,設定しない,設定しない,設定しない,設定しない,設定しない,設定しない,設定しない,設定しない,設定しない,設定しない,設定しない,設定しない,設定しない,設定しない,設定しない,設定しない,設定しない,設定しない,設定しない,設定しない,設定しない,設定しない,設定しない,設定しない,設定しない,設定しない,設定しない, , , , , , ,設定しない,設定しない,設定しない,設定しない,設定しない,設定しない,, , ,設定しない,,1
391395200620 ,芸西病院, , ,高知県,安芸郡芸西村和食甲４２６８,33.521527,133.820166,0,0,0,0,未,未入力,0, ,0,,,,,,,,, ,,, ,,,,,,,,,,,,,,,0,0,0,0,0,0,0,0,0,0,0,0,0,0,0,0,0,0,, , , , , , ,0,0,0,0,0,0,, , ,0,,1
391395200750 ,田野病院, , ,高知県,安芸郡田野町１４１４−１,33.429222,134.008722,0,0,0,1,要,要手配,0,2016/6/30 14:19,0,1,1,1,1,0,0,0,,2016/6/30 14:18,,,2016/6/30 14:19,,,,,,,,,,,,,,,0,0,0,0,0,0,0,0,0,0,0,0,0,0,0,0,0,0,,--：--,--：--,--：--,--：--,--：--,--：--,0,0,0,0,0,0,,2016/6/30 14:19,2016/6/30 14:19,0,,1
391395300100 ,井上病院, , ,高知県,土佐市高岡町甲２０４４,33.49625,133.427027,0,0,0,0,未,未入力,0, ,0,,,,,,,,, ,,, ,,,,,,,,,,,,,,,0,0,0,0,0,0,0,0,0,0,0,0,0,0,0,0,0,0,, , , , , , ,0,0,0,0,0,0,, , ,0,,1
391395300230 ,白菊園病院, , ,高知県,土佐市新居萩の里１,33.4495,133.45825,0,0,0,0,-,-,0,2016/6/30 14:14,0,0,0,0,0,0,0,0,,2016/6/30 14:12,,,2016/6/30 14:13,,,,,,,2,,,2,,,,,0,0,0,0,0,0,0,0,0,0,0,0,0,0,0,0,0,0,,--：--,--：--,--：--,--：--,--：--,--：--,0,0,0,0,0,0,,2016/6/30 14:13,2016/6/30 14:14,0,,1
391395300360 ,土佐市民病院,土佐市立土佐市民病院,7811101,高知県,土佐市高岡町甲１８６７,33.494194,133.423527,0,0,0,1,未,未入力,0, ,0,,,,,,,,, ,,, ,,,,,,,,,,,,,,,0,0,0,0,0,0,0,0,0,0,0,0,0,0,0,0,0,0,, , , , , , ,0,0,0,0,0,0,, , ,0,,1
391395300490 ,高陵病院, , ,高知県,須崎市横町１番２８号,33.390611,133.284527,0,0,0,0,0,aa@pref.gunam.lg.jp,,設定しない,設定しない,設定しない,設定しない,設定しない,設定しない,設定しない,設定しない,設定しない,設定しない,設定しない,設定しない,設定しない,設定しない,設定しない,設定しない,設定しない,設定しない,設定しない,設定しない,設定しない,設定しない,設定しない,設定しない,設定しない,設定しない,設定しない,設定しない,設定しない,設定しない,設定しない,設定しない, , , , , , ,設定しない,設定しない,設定しない,設定しない,設定しない,設定しない,, , ,設定しない,,,,,,,,,,,,,,,,,1
391395300650 ,一陽病院, , ,高知県,須崎市赤崎町９−３,33.412666,133.285944,0,0,0,0,未,未入力,0, ,0,,,,,,,,, ,,, ,,,,,,,,,,,,,,,0,0,0,0,0,0,0,0,0,0,0,0,0,0,0,0,0,0,, , , , , , ,0,0,0,0,0,0,, , ,0,,1
391395300780 ,ネオリゾートちひろ病院, , ,高知県,須崎市中町１−６−２５,33.388666,133.283472,0,0,0,0,未,未入力,0, ,0,,,,,,,,, ,,, ,,,,,,,,,,,,,,,0,0,0,0,0,0,0,0,0,0,0,0,0,0,0,0,0,0,, , , , , , ,0,0,0,0,0,0,, , ,0,,1
391395301080 ,須崎くろしお病院,医療法人 五月会　須崎くろしお病院,7858501,高知県,須崎市緑町４−３０,33.411722,133.289361,1,0,0,1,未,未入力,0, ,0,,,,,,,,, ,,, ,,,,,,,,,,,,,,,0,0,0,0,0,0,0,0,0,0,0,0,0,0,0,0,0,0,, , , , , , ,0,0,0,0,0,0,, , ,0,,1
391395301110 ,なかとさ病院, , ,高知県,高岡郡中土佐町久礼６６１４,33.327916,133.228472,0,0,0,0,未,未入力,0, ,0,,,,,,,,, ,,, ,,,,,,,,,,,,,,,0,0,0,0,0,0,0,0,0,0,0,0,0,0,0,0,0,0,, , , , , , ,0,0,0,0,0,0,, , ,0,,1
391395301240 ,国保梼原病院, , ,高知県,高岡郡檮原町川西路２３２０−１,33.392527,132.924916,0,0,0,0,未,未入力,0, ,0,,,,,,,,, ,,, ,,,,,,,,,,,,,,,0,0,0,0,0,0,0,0,0,0,0,0,0,0,0,0,0,0,, , , , , , ,0,0,0,0,0,0,, , ,0,,1
391395400130 ,医療法人一条会渡川病院, , ,高知県,四万十市具同２２７８−１,32.983138,132.921916,0,0,0,0,未,未入力,0, ,0,,,,,,,,, ,,, ,,,,,,,,,,,,,,,0,0,0,0,0,0,0,0,0,0,0,0,0,0,0,0,0,0,, , , , , , ,0,0,0,0,0,0,, , ,0,,1
391395400260 ,木俵病院, , ,高知県,四万十市中村一条通３−３−２５,32.992027,132.937194,0,0,0,0,要,要手配,0,2016/6/30 12:48,0,1,1,0,1,0,0,0,,2016/6/30 12:47,,,2016/6/30 12:48,,設定しない,設定しない,設定しない,設定しない,設定しない,設定しない,設定しない,設定しない,設定しない,設定しない,設定しない,設定しない,設定しない,設定しない,設定しない,設定しない,設定しない,設定しない,設定しない,設定しない,設定しない,設定しない,設定しない,設定しない,設定しない,設定しない,設定しない,設定しない,設定しない,設定しない,設定しない,設定しない, , , , , , ,設定しない,設定しない,設定しない,設定しない,設定しない,設定しない,, , ,設定しない,,1
391395400390 ,四万十市立市民病院, , ,高知県,四万十市中村東町１−１−２７,32.993694,132.937472,0,0,0,1,要,要手配,0,2016/6/30 14:26,0,0,0,0,0,0,0,0,多数傷病者あり,2016/6/30 14:25,,,2016/6/30 14:26,,設定しない,設定しない,設定しない,設定しない,設定しない,設定しない,設定しない,設定しない,設定しない,設定しない,設定しない,設定しない,設定しない,設定しない,設定しない,設定しない,設定しない,設定しない,設定しない,設定しない,設定しない,設定しない,設定しない,設定しない,設定しない,設定しない,設定しない,設定しない,設定しない,設定しない,設定しない,設定しない, , , , , , ,設定しない,設定しない,設定しない,設定しない,設定しない,設定しない,, , ,設定しない,,1
391395400420 ,竹本病院, , ,高知県,四万十市右山１９７３番地２,32.978416,132.945527,0,0,0,0,未,未入力,0, ,0,,,,,,,,, ,,, ,,,,,,,,,,,,,,,0,0,0,0,0,0,0,0,0,0,0,0,0,0,0,0,0,0,, , , , , , ,0,0,0,0,0,0,, , ,0,,1
391395400550 ,中村病院, , ,高知県,四万十市中村小姓町７５,32.994638,132.932638,0,0,0,0,未,未入力,0, ,0,,,,,,,,, ,,, ,,,,,,,,,,,,,,,0,0,0,0,0,0,0,0,0,0,0,0,0,0,0,0,0,0,, , , , , , ,0,0,0,0,0,0,, , ,0,,1
391395400680 ,松本病院, , ,高知県,四万十市中村山手通４５,32.992305,132.931638,0,0,0,0,未,未入力,0, ,0,,,,,,,,, ,,, ,,,,,,,,,,,,,,,0,0,0,0,0,0,0,0,0,0,0,0,0,0,0,0,0,0,, , , , , , ,0,0,0,0,0,0,, , ,0,,1
391395400840 ,森下病院, , ,高知県,四万十市中村一条通２丁目４４番地,32.991972,132.936527,0,0,0,0,未,未入力,0, ,0,,,,,,,,, ,,, ,,,,,,,,,,,,,,,0,0,0,0,0,0,0,0,0,0,0,0,0,0,0,0,0,0,, , , , , , ,0,0,0,0,0,0,, , ,1,,1
391395401010 ,幡多病院, , ,高知県,四万十市右山天神町１０−１２,32.984722,132.941694,0,0,0,0,未,未入力,0, ,0,,,,,,,,, ,,, ,,,,,,,,,,,,,,,0,0,0,0,0,0,0,0,0,0,0,0,0,0,0,0,0,0,, , , , , , ,0,0,0,0,0,0,, , ,0,,1
391395401140 ,大井田病院, , ,高知県,宿毛市中央８−３−６,32.935222,132.7315,0,0,0,1,未,未入力,0, ,0,,,,,,,,, ,,, ,,,,,,,,,,,,,,,0,0,0,0,0,0,0,0,0,0,0,0,0,0,0,0,0,0,, , , , , , ,0,0,0,0,0,0,, , ,0,,1
391395401300 ,筒井病院, , ,高知県,宿毛市平田町戸内１８０２,32.959166,132.797555,0,0,0,0,未,未入力,0, ,0,,,,,,,,, ,,, ,,,,,,,,,,,,,,,0,0,0,0,0,0,0,0,0,0,0,0,0,0,0,0,0,0,, , , , , , ,0,0,0,0,0,0,, , ,1,,1
391395401430 ,聖ヶ丘病院, , ,高知県,宿毛市押ノ川１１９６,32.945638,132.765527,0,0,0,0,未,未入力,0, ,0,,,,,,,,, ,,, ,,,,,,,,,,,,,,,0,0,0,0,0,0,0,0,0,0,0,0,0,0,0,0,0,0,, , , , , , ,0,0,0,0,0,0,, , ,0,,1
391395401690 ,国保大月病院, , ,高知県,幡多郡大月町鉾土６０３,32.821055,132.709638,0,0,0,0,要,要手配,0,2016/6/30 14:18,0,0,0,1,0,0,0,0,備蓄庫に浸水、水、食料なし,2016/6/30 14:18,,,2016/6/30 14:18,,設定しない,設定しない,設定しない,設定しない,設定しない,設定しない,設定しない,設定しない,設定しない,設定しない,設定しない,設定しない,設定しない,設定しない,設定しない,設定しない,設定しない,設定しない,設定しない,設定しない,設定しない,設定しない,設定しない,設定しない,設定しない,設定しない,設定しない,設定しない,設定しない,設定しない,設定しない,設定しない, , , , , , ,設定しない,設定しない,設定しない,設定しない,設定しない,設定しない,, , ,設定しない,,1
391395401720 ,吉井病院, , ,高知県,四万十市中村大橋通６ー７−５,32.989888,132.937555,0,0,0,0,未,未入力,0, ,0,,,,,,,,, ,,, ,,,,,,,,,,,,,,,0,0,0,0,0,0,0,0,0,0,0,0,0,0,0,0,0,0,, , , , , , ,0,0,0,0,0,0,, , ,0,,1
391395401850 ,幡多希望の家, , ,高知県,宿毛市平田町中山８６７,32.961194,132.781083,0,0,0,0,要,要手配,0,2016/6/30 14:17,0,0,0,0,1,0,0,0,,2016/6/30 14:17,,,2016/6/30 14:17,,設定しない,設定しない,設定しない,設定しない,設定しない,設定しない,設定しない,設定しない,設定しない,設定しない,設定しない,設定しない,設定しない,設定しない,設定しない,設定しない,設定しない,設定しない,設定しない,設定しない,設定しない,設定しない,設定しない,設定しない,設定しない,設定しない,設定しない,設定しない,設定しない,設定しない,設定しない,設定しない, , , , , , ,設定しない,設定しない,設定しない,設定しない,設定しない,設定しない,, , ,設定しない,,1
391395401980 ,幡多けんみん病院,高知県立幡多けんみん病院,7880785,高知県,宿毛市山奈町芳奈３−１,32.96675,132.805527,1,0,0,1,要,要手配,0,2016/6/30 12:49,0,1,1,1,1,0,0,0,,2016/6/30 12:49,,,2016/6/30 12:49,,設定しない,設定しない,設定しない,設定しない,設定しない,設定しない,設定しない,設定しない,設定しない,設定しない,設定しない,設定しない,設定しない,設定しない,設定しない,設定しない,設定しない,設定しない,設定しない,設定しない,設定しない,設定しない,設定しない,設定しない,設定しない,設定しない,設定しない,設定しない,設定しない,設定しない,設定しない,設定しない, , , , , , ,設定しない,設定しない,設定しない,設定しない,設定しない,設定しない,, , ,設定しない,,1
391395500290 ,同仁病院, , ,高知県,香美市土佐山田町百石町２−５−２０,33.607972,133.697166,0,0,0,0,未,未入力,0, ,0,,,,,,,,, ,,, ,,,,,,,,,,,,,,,0,0,0,0,0,0,0,0,0,0,0,0,0,0,0,0,0,0,, , , , , , ,0,0,0,0,0,0,, , ,0,,1
391395500320 ,香長中央病院, , ,高知県,香美市土佐山田町西本町５−５−３４,33.603861,133.678666,0,0,0,0,未,未入力,0, ,0,,,,,,,,, ,,, ,,,,,,,,,,,,,,,0,0,0,0,0,0,0,0,0,0,0,0,0,0,0,0,0,0,, , , , , , ,0,0,0,0,0,0,, , ,0,,1
391395500580 ,三谷病院, , ,高知県,香南市野市町西野５５５−２,33.563361,133.700166,0,0,0,0,未,未入力,0, ,0,,,,,,,,, ,,, ,,,,,,,,,,,,,,,0,0,0,0,0,0,0,0,0,0,0,0,0,0,0,0,0,0,, , , , , , ,0,0,0,0,0,0,, , ,0,,1
391395500610 ,香北病院, , ,高知県,香美市香北町美良布1064-9,33.650083,133.778888,0,0,0,0,未,未入力,0, ,0,,,,,,,,, ,,, ,,,,,,,,,,,,,,,0,0,0,0,0,0,0,0,0,0,0,0,0,0,0,0,0,0,, , , , , , ,0,0,0,0,0,0,, , ,0,,1
391395500740 ,間崎病院, , ,高知県,香美市香北町永野１９７９,33.665555,133.819777,0,0,0,0,未,未入力,0, ,0,,,,,,,,, ,,, ,,,,,,,,,,,,,,,0,0,0,0,0,0,0,0,0,0,0,0,0,0,0,0,0,0,, , , , , , ,0,0,0,0,0,0,, , ,0,,1
391395501040 ,野市中央病院, , ,高知県,香南市野市町東野５５５−１８,33.560583,133.717388,0,0,0,0,未,未入力,0, ,0,,,,,,,,, ,,, ,,,,,,,,,,,,,,,0,0,0,0,0,0,0,0,0,0,0,0,0,0,0,0,0,0,, , , , , , ,0,0,0,0,0,0,, , ,0,,1
391395600220 ,大西病院, , ,高知県,高岡郡四万十町古市町６−１２,33.208666,133.141055,0,0,0,0,要,要手配,0,2016/6/30 14:25,0,1,1,0,0,0,0,0,津波が２階まで到達,,,,,,,,,,,,,,,,,,,,,,,,,,,,,,,,,,,,,,,,,,,,,,,,,,,,,,,1
391395600480 ,くぼかわ病院,医療法人　川村会　くぼかわ病院,7860002,高知県,高岡郡四万十町見付９０２−１,33.206,133.148777,1,0,0,1,,,,,,,,,,,,,,,,,,,,,,,,,,,,,,,,,,,,,,,,,,,,,,,,,,,,,,,,,,,,,,,,,,,,1
391395700120 ,安部病院, , ,高知県,吾川郡仁淀川町岩丸１０２,33.61275,133.173694,0,0,0,0,未,未入力,0, ,0,,,,,,,,, ,,, ,,,,,,,,,,,,,,,0,0,0,0,0,0,0,0,0,0,0,0,0,0,0,0,0,0,, , , , , , ,0,0,0,0,0,0,, , ,0,,1
391395700250 ,佐川町立高北国民健康保険病院, , ,高知県,高岡郡佐川町甲１６８７,33.503361,133.286861,0,0,0,0,要,要手配,0,2016/6/30 14:25,0,1,1,0,0,0,1,0,,2016/6/30 14:14,,,2016/6/30 14:22,1,,,,,1,,,,,,,,,0,0,0,0,0,0,0,0,0,0,0,0,0,0,0,0,0,0,,--：--,--：--,--：--,--：--,--：--,--：--,0,0,0,0,0,0,８３名の患者が取り,,,,,1
391395700380 ,清和病院, , ,高知県,高岡郡佐川町乙１７７７番地,33.506416,133.279916,0,0,0,0,未,未入力,0, ,0,,,,,,,,, ,,, ,,,,,,,,,,,,,,,0,0,0,0,0,0,0,0,0,0,0,0,0,0,0,0,0,0,, , , , , , ,0,0,0,0,0,0,, , ,0,,1
391395700410 ,北島病院, , ,高知県,高岡郡越知町越知甲１６６２番地,33.530305,133.252972,0,0,0,0,未,未入力,0, ,0,設定しない,設定しない,設定しない,設定しない,設定しない,設定しない,設定しない,設定しない, ,設定しない,設定しない, ,,設定しない,設定しない,設定しない,設定しない,設定しない,設定しない,設定しない,設定しない,設定しない,設定しない,設定しない,設定しない,設定しない,設定しない,設定しない,設定しない,設定しない,設定しない,設定しない,設定しない,設定しない,設定しない,設定しない,設定しない,設定しない,設定しない,設定しない,設定しない,設定しない,設定しない,設定しない,設定しない, , , , , , ,設定しない,設定しない,設定しない,設定しない,設定しない,設定しない,, , ,設定しない,,1
391395700540 ,山_外科整形外科病院, , ,高知県,高岡郡越知町越知甲２１０７−１,33.530861,133.250361,0,0,0,0,未,未入力,0, ,0,,,,,,,,, ,,, ,,,,,,,,,,,,,,,0,0,0,0,0,0,0,0,0,0,0,0,0,0,0,0,0,0,, , , , , , ,0,0,0,0,0,0,, , ,0,,1
391395700700 ,前田病院, , ,高知県,高岡郡越知町越知甲２１３３,33.530861,133.249361,0,0,0,0,-,-,1,2016/6/30 12:50,0,0,0,0,0,0,0,0,,2016/6/30 12:50,,,2016/6/30 12:50,,設定しない,設定しない,設定しない,設定しない,設定しない,設定しない,設定しない,設定しない,設定しない,設定しない,設定しない,設定しない,設定しない,設定しない,設定しない,設定しない,設定しない,設定しない,設定しない,設定しない,設定しない,設定しない,設定しない,設定しない,設定しない,設定しない,設定しない,設定しない,設定しない,設定しない,設定しない,設定しない, , , , , , ,設定しない,設定しない,設定しない,設定しない,設定しない,設定しない,, , ,設定しない,,1
391395700960 ,山_病院, , ,高知県,高岡郡越知町越知甲2041-3,33.53275,133.251,0,0,0,0,未,未入力,0, ,0,設定しない,設定しない,設定しない,設定しない,設定しない,設定しない,設定しない,設定しない, ,設定しない,設定しない, ,,設定しない,設定しない,設定しない,設定しない,設定しない,設定しない,設定しない,設定しない,設定しない,設定しない,設定しない,設定しない,設定しない,設定しない,設定しない,設定しない,設定しない,設定しない,設定しない,設定しない,設定しない,設定しない,設定しない,設定しない,設定しない,設定しない,設定しない,設定しない,設定しない,設定しない,設定しない,設定しない, , , , , , ,設定しない,設定しない,設定しない,設定しない,設定しない,設定しない,, , ,設定しない,,1
391395800150 ,本山町立国保嶺北中央病院, , ,高知県,長岡郡本山町本山６２０,33.759777,133.588055,0,0,0,0,未,未入力,0, ,0,,,,,,,,, ,,, ,,,,,,,,,,,,,,,0,0,0,0,0,0,0,0,0,0,0,0,0,0,0,0,0,0,, , , , , , ,0,0,0,0,0,0,, , ,0,,1
391395800280 ,大杉中央病院, , ,高知県,長岡郡大豊町中村大王１４９７−１,33.754444,133.666,0,0,0,0,未,未入力,0, ,0,,,,,,,,, ,,, ,,,,,,,,,,,,,,,0,0,0,0,0,0,0,0,0,0,0,0,0,0,0,0,0,0,, , , , , , ,0,0,0,0,0,0,, , ,0,,1
391395800440 ,早明浦病院, , ,高知県,土佐郡土佐町田井１３７２,33.746666,133.557388,0,0,0,0,未,未入力,0, ,0,,,,,,,,, ,,, ,,,,,,,,,,,,,,,0,0,0,0,0,0,0,0,0,0,0,0,0,0,0,0,0,0,, , , , , , ,0,0,0,0,0,0,, , ,0,,1
391395900210 ,やまもと病院, , ,高知県,室戸市羽根町乙　1392,33.368638,134.058,0,0,0,0,要,要手配,0,2016/6/30 14:20,0,0,0,0,0,0,1,0,食糧、水無し,2016/6/30 14:20,,,2016/6/30 14:20,,,,,,,,,,,,,,,0,0,0,0,0,0,0,0,0,0,0,0,0,0,0,0,0,0,,--：--,--：--,--：--,--：--,--：--,--：--,0,0,0,0,0,0,,2016/6/30 14:20,2016/6/30 14:20,0,,1
391395900340 ,室戸中央病院, , ,高知県,室戸市室津2273,33.28925,134.155944,0,0,0,0,要,要手配,0,2016/6/30 14:17,0,0,0,0,0,0,1,0,,2016/6/30 14:16,,,2016/6/30 14:17,,,,,,,,,,,,,,,0,0,0,0,0,0,0,0,0,0,0,0,0,0,0,0,0,0,,--：--,--：--,--：--,--：--,--：--,--：--,0,0,0,0,0,0,,2016/6/30 14:17,2016/6/30 14:17,0,,1
391395900470 ,室戸病院, , ,高知県,室戸市元甲４３５−６,33.300194,134.129972,0,0,0,0,要,要手配,0,2016/6/30 14:23,0,1,1,1,1,1,1,1,,2016/6/30 14:23,,,2016/6/30 14:23,,,,,,,,,,,,,,,0,0,0,0,0,0,0,0,0,0,0,0,0,0,0,0,0,0,,--：--,--：--,--：--,--：--,--：--,--：--,0,0,0,0,0,0,,2016/6/30 14:23,2016/6/30 14:23,0,,1
391396000120 ,足摺病院, , ,高知県,土佐清水市旭町１８−７１,32.779305,132.961638,0,0,0,0,未,未入力,0, ,0,,,,,,,,, ,,, ,,,,,,,,,,,,,,,0,0,0,0,0,0,0,0,0,0,0,0,0,0,0,0,0,0,, , , , , , ,0,0,0,0,0,0,, , ,0,,1
391396000250 ,渭南病院, , ,高知県,土佐清水市越前町６−１,32.781222,132.950805,0,0,0,1,未,未入力,0, ,0,,,,,,,,, ,,, ,,,,,,,,,,,,,,,0,0,0,0,0,0,0,0,0,0,0,0,0,0,0,0,0,0,, , , , , , ,0,0,0,0,0,0,, , ,0,,1
391396000380 ,土佐清水病院, , ,高知県,土佐清水市幸町５−３,32.780972,132.953472,0,0,0,0,要,要手配,0,2016/6/30 12:51,0,0,0,0,0,0,1,0,,2016/6/30 12:51,,,2016/6/30 12:51,,設定しない,設定しない,設定しない,設定しない,設定しない,設定しない,設定しない,設定しない,設定しない,設定しない,設定しない,設定しない,設定しない,設定しない,設定しない,設定しない,設定しない,設定しない,設定しない,設定しない,設定しない,設定しない,設定しない,設定しない,設定しない,設定しない,設定しない,設定しない,設定しない,設定しない,設定しない,設定しない, , , , , , ,設定しない,設定しない,設定しない,設定しない,設定しない,設定しない,, , ,設定しない,,1
391396000540 ,松谷病院, , ,高知県,土佐清水市天神町１４−１８,32.782888,132.954138,0,0,0,0,要,要手配,0,2016/6/30 12:47,0,1,1,0,1,0,0,0,,2016/6/30 12:46,,,2016/6/30 12:47,,設定しない,設定しない,設定しない,設定しない,設定しない,設定しない,設定しない,設定しない,設定しない,設定しない,設定しない,設定しない,設定しない,設定しない,設定しない,設定しない,設定しない,設定しない,設定しない,設定しない,設定しない,設定しない,設定しない,設定しない,設定しない,設定しない,設定しない,設定しない,設定しない,設定しない,設定しない,設定しない, , , , , , ,設定しない,設定しない,設定しない,設定しない,設定しない,設定しない,, , ,設定しない,,1
391396200180 ,ＪＡ高知病院,JA高知病院,7838509,高知県,南国市明見字中野５２６−１,33.56975,133.622944,1,0,0,1,-,-,0,2016/6/30 12:48,0,0,0,0,0,0,0,0,,2016/6/30 12:48,,,2016/6/30 12:48,,設定しない,設定しない,設定しない,設定しない,設定しない,設定しない,設定しない,設定しない,設定しない,設定しない,設定しない,設定しない,設定しない,設定しない,設定しない,設定しない,設定しない,設定しない,設定しない,設定しない,設定しない,設定しない,設定しない,設定しない,設定しない,設定しない,設定しない,設定しない,設定しない,設定しない,設定しない,設定しない, , , , , , ,設定しない,設定しない,設定しない,設定しない,設定しない,設定しない,, , ,設定しない,,1
391396300110 ,さくら病院, , ,高知県,吾川郡いの町鹿敷１６２,33.565777,133.368361,0,0,0,0,2016/6/30 14:25,0,,,,,,,,,,,,,,,,,,,,,,,,,,,,,,,,,,,,,,,,,,,,,,,,,,,,,,,,,,,,,,,,,,1
391396300370 ,リハビリテーション病院すこやかな杜, , ,高知県,高知市春野町芳原字北東原１３１６−１,33.506092,133.511154,0,0,0,0,未,未入力,0, ,0,,,,,,,,, ,,, ,,,,,,,,,,,,,,,0,0,0,0,0,0,0,0,0,0,0,0,0,0,0,0,0,0,, , , , , , ,0,0,0,0,0,0,, , ,0,,1
391399999999 ,その他機関, , ,高知県,高知市丸の内１−２−２０,33.55969,133.530887,0,0,0,0,未,未入力,0, ,0,,,,,,,,, ,,, ,,,,,,,,,,,,,,,0,0,0,0,0,0,0,0,0,0,0,0,0,0,0,0,0,0,, , , , , , ,0,0,0,0,0,0,, , ,0,,1
392393101140 ,ふないキッズクリニック, , ,高知県,高知市北新田町9-10,33.552805,133.551277,0,0,0,0,未,未入力,0, ,0,,,,,,,,, ,,, ,,,,,,,,,,,,,,,0,0,0,0,0,0,0,0,0,0,0,0,0,0,0,0,0,0,, , , , , , ,0,0,0,0,0,0,, , ,0,,1
392393102860 ,高知高須病院室戸クリニック, , ,高知県,室戸市室津１番地,33.294638,134.166194,0,0,0,0,未,未入力,0, ,0,,,,,,,,, ,,, ,,,,,,,,,,,,,,,0,0,0,0,0,0,0,0,0,0,0,0,0,0,0,0,0,0,, , , , , , ,0,0,0,0,0,0,, , ,0,,1
392393106510 ,依光内科クリニック, , ,高知県,高知市愛宕町１丁目2-22,33.565388,133.536722,0,0,0,0,未,未入力,0, ,0,,,,,,,,, ,,, ,,,,,,,,,,,,,,,0,0,0,0,0,0,0,0,0,0,0,0,0,0,0,0,0,0,, , , , , , ,0,0,0,0,0,0,, , ,0,,1
392393109400 ,かわず皮フ科, , ,高知県,高知市横浜新町４丁目２３１２−８,33.51625,133.535388,0,0,0,0,未,未入力,0, ,0,,,,,,,,, ,,, ,,,,,,,,,,,,,,,0,0,0,0,0,0,0,0,0,0,0,0,0,0,0,0,0,0,, , , , , , ,0,0,0,0,0,0,, , ,0,,1
392393110490 ,こどもクリニック　ケロちゃん, , ,高知県,高知市鵜来巣11-38-10　あさくらメ,33.540916,133.483861,0,0,0,0,未,未入力,0, ,0,,,,,,,,, ,,, ,,,,,,,,,,,,,,,0,0,0,0,0,0,0,0,0,0,0,0,0,0,0,0,0,0,, , , , , , ,0,0,0,0,0,0,, , ,0,,1
392393110780 ,高知ファミリークリニック, , ,高知県,高知市朝倉横町２３−７−１０,33.544555,133.492972,0,0,0,0,未,未入力,0, ,0,,,,,,,,, ,,, ,,,,,,,,,,,,,,,0,0,0,0,0,0,0,0,0,0,0,0,0,0,0,0,0,0,, , , , , , ,0,0,0,0,0,0,, , ,0,,1
392393111370 ,まなべ小児科, , ,高知県,高知市薊野西町３丁目８番１１号,33.57825,133.551111,0,0,0,0,未,未入力,0, ,0,,,,,,,,, ,,, ,,,,,,,,,,,,,,,0,0,0,0,0,0,0,0,0,0,0,0,0,0,0,0,0,0,, , , , , , ,0,0,0,0,0,0,, , ,0,,1
392395112690 ,けら小児科アレルギー科, , ,高知県,高知市介良３５２−１,33.565083,133.614,0,0,0,0,未,未入力,0, ,0,,,,,,,,, ,,, ,,,,,,,,,,,,,,,0,0,0,0,0,0,0,0,0,0,0,0,0,0,0,0,0,0,, , , , , , ,0,0,0,0,0,0,, , ,0,,1
392395118360 ,村上外科胃腸科, , ,高知県,高知市高須新町４−１−１０,33.5565,133.579,0,0,0,0,未,未入力,0, ,0,,,,,,,,, ,,, ,,,,,,,,,,,,,,,0,0,0,0,0,0,0,0,0,0,0,0,0,0,0,0,0,0,, , , , , , ,0,0,0,0,0,0,, , ,0,,1
392395119400 ,富田小児科, , ,高知県,高知市升形２−１,33.55825,133.527833,0,0,0,0,未,未入力,0, ,0,,,,,,,,, ,,, ,,,,,,,,,,,,,,,0,0,0,0,0,0,0,0,0,0,0,0,0,0,0,0,0,0,, , , , , , ,0,0,0,0,0,0,, , ,0,,1
392395119820 ,福森循環器科小児科, , ,高知県,高知市葛島２−３−２１,33.556694,133.572666,0,0,0,0,未,未入力,0, ,0,,,,,,,,, ,,, ,,,,,,,,,,,,,,,0,0,0,0,0,0,0,0,0,0,0,0,0,0,0,0,0,0,, , , , , , ,0,0,0,0,0,0,, , ,0,,1
392395120510 ,かもだの診療所, , ,高知県,高知市鴨部２丁目１−１６,33.549472,133.505444,0,0,0,0,未,未入力,0, ,0,,,,,,,,, ,,, ,,,,,,,,,,,,,,,0,0,0,0,0,0,0,0,0,0,0,0,0,0,0,0,0,0,, , , , , , ,0,0,0,0,0,0,, , ,0,,1
392395124420 ,吉本皮膚科, , ,高知県,南国市大そね甲１６９８−１,33.574472,133.646944,0,0,0,0,未,未入力,0, ,0,,,,,,,,, ,,, ,,,,,,,,,,,,,,,0,0,0,0,0,0,0,0,0,0,0,0,0,0,0,0,0,0,, , , , , , ,0,0,0,0,0,0,, , ,0,,1
392395125850 ,西村整形外科, , ,高知県,吾川郡いの町２５６,33.5505,133.4445,0,0,0,0,-,-,0,2016/6/30 14:10,0,0,0,0,0,0,0,0,,2016/6/30 12:49,,,2016/6/30 12:49,,,,,,,,,,,,,,0,120,0,0,0,0,0,0,0,0,0,0,0,0,0,0,0,0,0,,--：--,--：--,--：--,--：--,--：--,--：--,0,0,0,0,0,0,,2016/6/30 14:10,2016/6/30 14:10,0,,1
392395128200 ,いちはら内科小児科, , ,高知県,南国市大ソネ甲１７７５−１,33.571694,133.646833,0,0,0,0,未,未入力,0, ,0,,,,,,,,, ,,, ,,,,,,,,,,,,,,,0,0,0,0,0,0,0,0,0,0,0,0,0,0,0,0,0,0,, , , , , , ,0,0,0,0,0,0,, , ,0,,1
392395129180 ,うえたクリニック, , ,高知県,高知市高そね　１３−１４,33.572527,133.556833,0,0,0,0,未,未入力,0, ,0,,,,,,,,, ,,, ,,,,,,,,,,,,,,,0,0,0,0,0,0,0,0,0,0,0,0,0,0,0,0,0,0,, , , , , , ,0,0,0,0,0,0,, , ,0,,1
392395130290 ,矢野小児科, , ,高知県,高知市上町２丁目１番２６号,33.558638,133.522944,0,0,0,0,未,未入力,0, ,0,,,,,,,,, ,,, ,,,,,,,,,,,,,,,0,0,0,0,0,0,0,0,0,0,0,0,0,0,0,0,0,0,, , , , , , ,0,0,0,0,0,0,, , ,0,,1
392395132920 ,医療法人博生会内田産婦人科, , ,高知県,高知市南久万３９−２,33.57075,133.521305,0,0,0,0,未,未入力,0, ,0,,,,,,,,, ,,, ,,,,,,,,,,,,,,,0,0,0,0,0,0,0,0,0,0,0,0,0,0,0,0,0,0,, , , , , , ,0,0,0,0,0,0,, , ,0,,1
392395135660 ,内田脳神経外科, , ,高知県,高知市塚ノ原３７,33.561138,133.494888,0,0,0,0,未,未入力,0, ,0,,,,,,,,, ,,, ,,,,,,,,,,,,,,,0,0,0,0,0,0,0,0,0,0,0,0,0,0,0,0,0,0,, , , , , , ,0,0,0,0,0,0,, , ,0,,1
392395138430 ,田村産婦人科, , ,高知県,高知市鷹匠町1-1-10,33.556166,133.536916,0,0,0,0,未,未入力,0, ,0,,,,,,,,, ,,, ,,,,,,,,,,,,,,,0,0,0,0,0,0,0,0,0,0,0,0,0,0,0,0,0,0,, , , , , , ,0,0,0,0,0,0,, , ,0,,1
392395140710 ,田村こどもクリニック, , ,高知県,南国市篠原１４５９−１,33.572194,133.635805,0,0,0,0,未,未入力,0, ,0,,,,,,,,, ,,, ,,,,,,,,,,,,,,,0,0,0,0,0,0,0,0,0,0,0,0,0,0,0,0,0,0,, , , , , , ,0,0,0,0,0,0,, , ,0,,1
392395142020 ,玉木内科小児科, , ,高知県,高知市高見町１８９−１,33.540055,133.539527,0,0,0,0,未,未入力,0, ,0,,,,,,,,, ,,, ,,,,,,,,,,,,,,,0,0,0,0,0,0,0,0,0,0,0,0,0,0,0,0,0,0,, , , , , , ,0,0,0,0,0,0,, , ,0,,1
392395145920 ,春野うららかクリニック, , ,高知県,高知市高知市春野町南ケ丘７−１６,33.51725,133.519888,0,0,0,0,未,未入力,0, ,0,,,,,,,,, ,,, ,,,,,,,,,,,,,,,0,0,0,0,0,0,0,0,0,0,0,0,0,0,0,0,0,0,, , , , , , ,0,0,0,0,0,0,, , ,0,,1
392395201220 ,高知高須病院附属安芸診療所, , ,高知県,安芸市港町２−６３５,33.500833,133.913361,0,0,0,0,未,未入力,0, ,0,,,,,,,,, ,,, ,,,,,,,,,,,,,,,0,0,0,0,0,0,0,0,0,0,0,0,0,0,0,0,0,0,, , , , , , ,0,0,0,0,0,0,, , ,0,,1
392395204700 ,宇都宮内科, , ,高知県,安芸市染井町１−３８,33.503111,133.897638,0,0,0,0,未,未入力,0, ,0,,,,,,,,, ,,, ,,,,,,,,,,,,,,,0,0,0,0,0,0,0,0,0,0,0,0,0,0,0,0,0,0,, , , , , , ,0,0,0,0,0,0,, , ,0,,1
392395304730 ,国保杉ノ川診療所, , ,高知県,高岡郡津野町杉ノ川甲３８−３,33.439166,133.158861,0,0,0,0,未,未入力,0, ,0,,,,,,,,, ,,, ,,,,,,,,,,,,,,,0,0,0,0,0,0,0,0,0,0,0,0,0,0,0,0,0,0,, , , , , , ,0,0,0,0,0,0,, , ,0,,1
392395306880 ,もりはた小児科, , ,高知県,須崎市緑町９０番地,33.412833,133.288527,0,0,0,0,未,未入力,0, ,0,,,,,,,,, ,,, ,,,,,,,,,,,,,,,0,0,0,0,0,0,0,0,0,0,0,0,0,0,0,0,0,0,, , , , , , ,0,0,0,0,0,0,, , ,0,,1
392395403460 ,宿毛市立沖の島ヘき地診療所, , ,高知県,宿毛市沖の島町母島１００５,32.736472,132.549277,0,0,0,0,未,未入力,0, ,0,,,,,,,,, ,,, ,,,,,,,,,,,,,,,0,0,0,0,0,0,0,0,0,0,0,0,0,0,0,0,0,0,, , , , , , ,0,0,0,0,0,0,, , ,0,,1
392395405190 ,大方クリニック, , ,高知県,幡多郡黒潮町入野２０１６−１,33.02425,133.011333,0,0,0,0,未,未入力,0, ,0,,,,,,,,, ,,, ,,,,,,,,,,,,,,,0,0,0,0,0,0,0,0,0,0,0,0,0,0,0,0,0,0,, , , , , , ,0,0,0,0,0,0,, , ,0,,1
392395407110 ,四万十市西土佐診療所, , ,高知県,四万十市西土佐用井1110-28,33.172555,132.794944,0,0,0,0,未,未入力,0, ,0,,,,,,,,, ,,, ,,,,,,,,,,,,,,,0,0,0,0,0,0,0,0,0,0,0,0,0,0,0,0,0,0,, , , , , , ,0,0,0,0,0,0,, , ,0,,1
392395407400 ,三原診療所, , ,高知県,幡多郡三原村来栖野479,32.907861,132.846638,0,0,0,0,要,要手配,0,2016/6/30 14:25,0,0,0,0,0,0,0,0,多数傷病者あり,2016/6/30 14:25,,,2016/6/30 14:25,,設定しない,設定しない,設定しない,設定しない,設定しない,設定しない,設定しない,設定しない,設定しない,設定しない,設定しない,設定しない,設定しない,設定しない,設定しない,設定しない,設定しない,設定しない,設定しない,設定しない,設定しない,設定しない,設定しない,設定しない,設定しない,設定しない,設定しない,設定しない,設定しない,設定しない,設定しない,設定しない, , , , , , ,設定しない,設定しない,設定しない,設定しない,設定しない,設定しない,, , ,設定しない,,1
392395407820 ,佐々木整形外科医院, , ,高知県,四万十市中村一条通5丁目７９−２,32.991194,132.94025,0,0,0,0,要,要手配,0,2016/6/30 14:16,0,0,0,0,0,0,0,0,多数傷病者あり,2016/6/30 14:15,,,2016/6/30 14:16,,設定しない,設定しない,設定しない,設定しない,設定しない,設定しない,設定しない,設定しない,設定しない,設定しない,設定しない,設定しない,設定しない,設定しない,設定しない,設定しない,設定しない,設定しない,設定しない,設定しない,設定しない,設定しない,設定しない,設定しない,設定しない,設定しない,設定しない,設定しない,設定しない,設定しない,設定しない,設定しない, , , , , , ,設定しない,設定しない,設定しない,設定しない,設定しない,設定しない,, , ,設定しない,,1
392395408410 ,中村クリニック, , ,高知県,四万十市中村大橋通７−１−１０,32.990333,132.939694,0,0,0,0,未,未入力,0, ,0,,,,,,,,, ,,, ,,,,,,,,,,,,,,,0,0,0,0,0,0,0,0,0,0,0,0,0,0,0,0,0,0,, , , , , , ,0,0,0,0,0,0,, , ,1,,1
392395409260 ,こじま眼科, , ,高知県,四万十市駅前町9-20,32.983416,132.944166,0,0,0,0,未,未入力,0, ,0,,,,,,,,, ,,, ,,,,,,,,,,,,,,,0,0,0,0,0,0,0,0,0,0,0,0,0,0,0,0,0,0,, , , , , , ,0,0,0,0,0,0,, , ,0,,1
392395412000 ,こいけクリニック, , ,高知県,四万十市中村大橋通６丁目３−７,32.99,132.937,0,0,0,0,要,要手配,0,2016/6/30 12:48,0,1,1,1,0,0,0,0,,2016/6/30 12:48,,,2016/6/30 12:48,,設定しない,設定しない,設定しない,設定しない,設定しない,設定しない,設定しない,設定しない,設定しない,設定しない,設定しない,設定しない,設定しない,設定しない,設定しない,設定しない,設定しない,設定しない,設定しない,設定しない,設定しない,設定しない,設定しない,設定しない,設定しない,設定しない,設定しない,設定しない,設定しない,設定しない,設定しない,設定しない, , , , , , ,設定しない,設定しない,設定しない,設定しない,設定しない,設定しない,, , ,設定しない,,1
392395503490 ,寺田内科, , ,高知県,香南市夜須町坪井２３−１,33.537277,133.7565,0,0,0,0,未,未入力,0, ,0,,,,,,,,, ,,, ,,,,,,,,,,,,,,,0,0,0,0,0,0,0,0,0,0,0,0,0,0,0,0,0,0,, , , , , , ,0,0,0,0,0,0,, , ,0,,1
392395503650 ,前田メディカルクリニック, , ,高知県,香美市香北町美良布1516-3,33.647,133.776611,0,0,0,0,未,未入力,0, ,0,,,,,,,,, ,,, ,,,,,,,,,,,,,,,0,0,0,0,0,0,0,0,0,0,0,0,0,0,0,0,0,0,, , , , , , ,0,0,0,0,0,0,, , ,0,,1
392395504400 ,赤岡医院, , ,高知県,香南市赤岡町５６９,33.541694,133.723222,0,0,0,0,未,未入力,0, ,0,,,,,,,,, ,,, ,,,,,,,,,,,,,,,0,0,0,0,0,0,0,0,0,0,0,0,0,0,0,0,0,0,, , , , , , ,0,0,0,0,0,0,, , ,0,,1
392395505960 ,岩河整形外科, , ,高知県,香美市土佐山田町百石町２丁目４番２０号,33.608916,133.697388,0,0,0,0,未,未入力,0, ,0,,,,,,,,, ,,, ,,,,,,,,,,,,,,,0,0,0,0,0,0,0,0,0,0,0,0,0,0,0,0,0,0,, , , , , , ,0,0,0,0,0,0,, , ,0,,1
392395601240 ,大正診療所, , ,高知県,高岡郡四万十町大正　４５９−１,33.193111,132.973,0,0,0,0,未,未入力,0, ,0,,,,,,,,, ,,, ,,,,,,,,,,,,,,,0,0,0,0,0,0,0,0,0,0,0,0,0,0,0,0,0,0,, , , , , , ,0,0,0,0,0,0,, , ,0,,1
392395601820 ,四万十町十和診療所, , ,高知県,高岡郡四万十町昭和４６８番地,33.218388,132.897472,0,0,0,0,-,-,0,2016/6/30 12:52,0,0,0,0,0,0,0,0,,2016/6/30 12:52,,,2016/6/30 12:52,,設定しない,設定しない,設定しない,設定しない,設定しない,設定しない,設定しない,設定しない,設定しない,設定しない,設定しない,設定しない,設定しない,設定しない,設定しない,設定しない,設定しない,設定しない,設定しない,設定しない,設定しない,設定しない,設定しない,設定しない,設定しない,設定しない,設定しない,設定しない,設定しない,設定しない,設定しない,設定しない, , , , , , ,設定しない,設定しない,設定しない,設定しない,設定しない,設定しない,, , ,設定しない,,1
392395700390 ,国保大崎診療所, , ,高知県,吾川郡仁淀川町大崎３００番地,33.573083,133.171305,0,0,0,0,未,未入力,0, ,0,,,,,,,,, ,,, ,,,,,,,,,,,,,,,0,0,0,0,0,0,0,0,0,0,0,0,0,0,0,0,0,0,, , , , , , ,0,0,0,0,0,0,, , ,0,,1
392395800450 ,高橋医院, , ,高知県,長岡郡大豊町大滝４９８,33.791944,133.780138,0,0,0,0,未,未入力,0, ,0,,,,,,,,, ,,, ,,,,,,,,,,,,,,,0,0,0,0,0,0,0,0,0,0,0,0,0,0,0,0,0,0,, , , , , , ,0,0,0,0,0,0,, , ,0,,1
392395801750 ,いの町立国民健康保険長沢診療所, , ,高知県,吾川郡いの町長沢２５４−３,33.725055,133.307555,0,0,0,0,未,未入力,0, ,0,,,,,,,,, ,,, ,,,,,,,,,,,,,,,0,0,0,0,0,0,0,0,0,0,0,0,0,0,0,0,0,0,, , , , , , ,0,0,0,0,0,0,, , ,0,,1
392395902240 ,野根診療所, , ,高知県,安芸郡東洋町野根丙１４１１−１,33.505583,134.265805,0,0,0,0,未,未入力,0, ,0,,,,,,,,, ,,, ,,,,,,,,,,,,,,,0,0,0,0,0,0,0,0,0,0,0,0,0,0,0,0,0,0,, , , , , , ,0,0,0,0,0,0,, , ,0,,1
392395902820 ,むろとぴあ医院, , ,高知県,室戸市浮津６０−１,33.29175,134.153194,0,0,0,0,未,未入力,0, ,0,,,,,,,,, ,,, ,,,,,,,,,,,,,,,0,0,0,0,0,0,0,0,0,0,0,0,0,0,0,0,0,0,, , , , , , ,0,0,0,0,0,0,, , ,0,,1
392396002990 ,こうせいこどもクリニック, , ,高知県,高知市葛島２−６−３０,33.557277,133.573444,0,0,0,0,未,未入力,0, ,0,,,,,,,,, ,,, ,,,,,,,,,,,,,,,0,0,0,0,0,0,0,0,0,0,0,0,0,0,0,0,0,0,, , , , , , ,0,0,0,0,0,0,, , ,0,,1
392396100160 ,北川眼科, , ,高知県,須崎市緑町１−１,33.410333,133.28825,0,0,0,0,,,,,,,,,,,,,,,,,,,,,,,,,,,,,,,,,,,,,,,,,,,,,,,,,,,,,,,,,,,,,,,,,,,,1
392396200190 ,かがみ診療所, , ,高知県,香南市香我美町岸本３２８−１７４,33.539111,133.732722,0,0,0,0,未,未入力,0, ,0,,,,,,,,, ,,, ,,,,,,,,,,,,,,,0,0,0,0,0,0,0,0,0,0,0,0,0,0,0,0,0,0,, , , , , , ,0,0,0,0,0,0,, , ,0,,1
392396201100 ,あけぼの小児クリニック, , ,高知県,南国市田村乙1992-1,33.558638,133.665444,0,0,0,0,未,未入力,0, ,0,,,,,,,,, ,,, ,,,,,,,,,,,,,,,0,0,0,0,0,0,0,0,0,0,0,0,0,0,0,0,0,0,, , , , , , ,0,0,0,0,0,0,, , ,0,,1
392396205300 ,おひさま　こどもクリニック, , ,高知県,香南市野市町西野651-1,33.566166,133.696722,0,0,0,0,未,未入力,0, ,0,,,,,,,,, ,,, ,,,,,,,,,,,,,,,0,0,0,0,0,0,0,0,0,0,0,0,0,0,0,0,0,0,, , , , , , ,0,0,0,0,0,0,, , ,0,,1
392396300110 ,いちごクリニック, , ,高知県,安芸郡奈半利町乙１６２８番地１,33.425,134.019333,0,0,0,0,要,要手配,0,2016/6/30 14:18,0,1,1,1,1,1,0,0,,2016/6/30 14:18,,,2016/6/30 14:18,,,,,,,,,,,,,,,0,0,0,0,0,0,0,0,0,0,0,0,0,0,0,0,0,0,,--：--,--：--,--：--,--：--,--：--,--：--,0,0,0,0,0,0,,2016/6/30 14:18,2016/6/30 14:18,0,,1
